 train         node  observed  predicted "P(0)" "P(2258)" "P(EC-m2)" "P(EC_I)" "P(EC_M1)" "P(EC_M3)" "P(EC_M4)" "P(EC_O)" "P(EC_U1)" "P(EC_U2)"
     y           30    "EC_U1"  "EC_U1"  0.33856E+00  0.31348E-02  0.62696E-02  0.15674E-01  0.94044E-02  0.12539E-01  0.18809E-01  0.31348E-02  0.45455E+00  0.13793E+00
     y           30    "EC_U1"  "EC_U1"  0.33856E+00  0.31348E-02  0.62696E-02  0.15674E-01  0.94044E-02  0.12539E-01  0.18809E-01  0.31348E-02  0.45455E+00  0.13793E+00
     y           30    "EC_U2"  "EC_U1"  0.33856E+00  0.31348E-02  0.62696E-02  0.15674E-01  0.94044E-02  0.12539E-01  0.18809E-01  0.31348E-02  0.45455E+00  0.13793E+00
     y            2    "EC_M4"  "0"  0.41315E+00  0.98127E-06  0.77188E-01  0.71416E-01  0.86835E-01  0.92624E-01  0.18911E+00  0.30877E-01  0.23311E-01  0.15488E-01
     y           30    "EC_U2"  "EC_U1"  0.33856E+00  0.31348E-02  0.62696E-02  0.15674E-01  0.94044E-02  0.12539E-01  0.18809E-01  0.31348E-02  0.45455E+00  0.13793E+00
     y           30    "EC_U1"  "EC_U1"  0.33856E+00  0.31348E-02  0.62696E-02  0.15674E-01  0.94044E-02  0.12539E-01  0.18809E-01  0.31348E-02  0.45455E+00  0.13793E+00
     y            2    "0"  "0"  0.41315E+00  0.98127E-06  0.77188E-01  0.71416E-01  0.86835E-01  0.92624E-01  0.18911E+00  0.30877E-01  0.23311E-01  0.15488E-01
     y            2    "0"  "0"  0.41315E+00  0.98127E-06  0.77188E-01  0.71416E-01  0.86835E-01  0.92624E-01  0.18911E+00  0.30877E-01  0.23311E-01  0.15488E-01
     y            2    "EC_M3"  "0"  0.41315E+00  0.98127E-06  0.77188E-01  0.71416E-01  0.86835E-01  0.92624E-01  0.18911E+00  0.30877E-01  0.23311E-01  0.15488E-01
     y            2    "EC_M4"  "0"  0.41315E+00  0.98127E-06  0.77188E-01  0.71416E-01  0.86835E-01  0.92624E-01  0.18911E+00  0.30877E-01  0.23311E-01  0.15488E-01
     y           30    "0"  "EC_U1"  0.33856E+00  0.31348E-02  0.62696E-02  0.15674E-01  0.94044E-02  0.12539E-01  0.18809E-01  0.31348E-02  0.45455E+00  0.13793E+00
     y           30    "EC_U1"  "EC_U1"  0.33856E+00  0.31348E-02  0.62696E-02  0.15674E-01  0.94044E-02  0.12539E-01  0.18809E-01  0.31348E-02  0.45455E+00  0.13793E+00
     y           30    "EC_I"  "EC_U1"  0.33856E+00  0.31348E-02  0.62696E-02  0.15674E-01  0.94044E-02  0.12539E-01  0.18809E-01  0.31348E-02  0.45455E+00  0.13793E+00
     y           30    "0"  "EC_U1"  0.33856E+00  0.31348E-02  0.62696E-02  0.15674E-01  0.94044E-02  0.12539E-01  0.18809E-01  0.31348E-02  0.45455E+00  0.13793E+00
     y           30    "EC_O"  "EC_U1"  0.33856E+00  0.31348E-02  0.62696E-02  0.15674E-01  0.94044E-02  0.12539E-01  0.18809E-01  0.31348E-02  0.45455E+00  0.13793E+00
     y           14    "EC_M1"  "0"  0.46294E+00  0.98127E-06  0.18544E-01  0.31456E+00  0.18548E-01  0.18552E-01  0.37107E-01  0.55520E-01  0.55668E-01  0.18559E-01
     y            2    "EC_M4"  "0"  0.41315E+00  0.98127E-06  0.77188E-01  0.71416E-01  0.86835E-01  0.92624E-01  0.18911E+00  0.30877E-01  0.23311E-01  0.15488E-01
     y            2    "EC_O"  "0"  0.41315E+00  0.98127E-06  0.77188E-01  0.71416E-01  0.86835E-01  0.92624E-01  0.18911E+00  0.30877E-01  0.23311E-01  0.15488E-01
     y            2    "EC_M1"  "0"  0.41315E+00  0.98127E-06  0.77188E-01  0.71416E-01  0.86835E-01  0.92624E-01  0.18911E+00  0.30877E-01  0.23311E-01  0.15488E-01
     y           30    "EC_U1"  "EC_U1"  0.33856E+00  0.31348E-02  0.62696E-02  0.15674E-01  0.94044E-02  0.12539E-01  0.18809E-01  0.31348E-02  0.45455E+00  0.13793E+00
     y           30    "EC_U1"  "EC_U1"  0.33856E+00  0.31348E-02  0.62696E-02  0.15674E-01  0.94044E-02  0.12539E-01  0.18809E-01  0.31348E-02  0.45455E+00  0.13793E+00
     n           31    "NA"  "0"  0.51057E+00  0.98127E-06  0.42555E-01  0.57895E-04  0.48082E-04  0.52007E-04  0.63874E-01  0.19625E-04  0.23398E+00  0.14885E+00
     n            2    "NA"  "0"  0.41315E+00  0.98127E-06  0.77188E-01  0.71416E-01  0.86835E-01  0.92624E-01  0.18911E+00  0.30877E-01  0.23311E-01  0.15488E-01
     n           31    "NA"  "0"  0.51057E+00  0.98127E-06  0.42555E-01  0.57895E-04  0.48082E-04  0.52007E-04  0.63874E-01  0.19625E-04  0.23398E+00  0.14885E+00
     n            6    "NA"  "0"  0.99944E+00  0.98127E-06  0.44157E-04  0.57895E-04  0.48082E-04  0.52007E-04  0.10696E-03  0.19625E-04  0.16780E-03  0.58876E-04
     y            6    "0"  "0"  0.99944E+00  0.98127E-06  0.44157E-04  0.57895E-04  0.48082E-04  0.52007E-04  0.10696E-03  0.19625E-04  0.16780E-03  0.58876E-04
     y           31    "EC_U1"  "0"  0.51057E+00  0.98127E-06  0.42555E-01  0.57895E-04  0.48082E-04  0.52007E-04  0.63874E-01  0.19625E-04  0.23398E+00  0.14885E+00
     y            6    "0"  "0"  0.99944E+00  0.98127E-06  0.44157E-04  0.57895E-04  0.48082E-04  0.52007E-04  0.10696E-03  0.19625E-04  0.16780E-03  0.58876E-04
     y            6    "0"  "0"  0.99944E+00  0.98127E-06  0.44157E-04  0.57895E-04  0.48082E-04  0.52007E-04  0.10696E-03  0.19625E-04  0.16780E-03  0.58876E-04
     y            6    "0"  "0"  0.99944E+00  0.98127E-06  0.44157E-04  0.57895E-04  0.48082E-04  0.52007E-04  0.10696E-03  0.19625E-04  0.16780E-03  0.58876E-04
     y            2    "0"  "0"  0.41315E+00  0.98127E-06  0.77188E-01  0.71416E-01  0.86835E-01  0.92624E-01  0.18911E+00  0.30877E-01  0.23311E-01  0.15488E-01
     y            6    "0"  "0"  0.99944E+00  0.98127E-06  0.44157E-04  0.57895E-04  0.48082E-04  0.52007E-04  0.10696E-03  0.19625E-04  0.16780E-03  0.58876E-04
     y           30    "EC_U2"  "EC_U1"  0.33856E+00  0.31348E-02  0.62696E-02  0.15674E-01  0.94044E-02  0.12539E-01  0.18809E-01  0.31348E-02  0.45455E+00  0.13793E+00
     y            2    "0"  "0"  0.41315E+00  0.98127E-06  0.77188E-01  0.71416E-01  0.86835E-01  0.92624E-01  0.18911E+00  0.30877E-01  0.23311E-01  0.15488E-01
     y            6    "0"  "0"  0.99944E+00  0.98127E-06  0.44157E-04  0.57895E-04  0.48082E-04  0.52007E-04  0.10696E-03  0.19625E-04  0.16780E-03  0.58876E-04
     y            2    "EC_I"  "0"  0.41315E+00  0.98127E-06  0.77188E-01  0.71416E-01  0.86835E-01  0.92624E-01  0.18911E+00  0.30877E-01  0.23311E-01  0.15488E-01
     y            2    "EC-m2"  "0"  0.41315E+00  0.98127E-06  0.77188E-01  0.71416E-01  0.86835E-01  0.92624E-01  0.18911E+00  0.30877E-01  0.23311E-01  0.15488E-01
     y            2    "EC_M4"  "0"  0.41315E+00  0.98127E-06  0.77188E-01  0.71416E-01  0.86835E-01  0.92624E-01  0.18911E+00  0.30877E-01  0.23311E-01  0.15488E-01
     y            2    "0"  "0"  0.41315E+00  0.98127E-06  0.77188E-01  0.71416E-01  0.86835E-01  0.92624E-01  0.18911E+00  0.30877E-01  0.23311E-01  0.15488E-01
     y           30    "0"  "EC_U1"  0.33856E+00  0.31348E-02  0.62696E-02  0.15674E-01  0.94044E-02  0.12539E-01  0.18809E-01  0.31348E-02  0.45455E+00  0.13793E+00
     y            2    "EC_M4"  "0"  0.41315E+00  0.98127E-06  0.77188E-01  0.71416E-01  0.86835E-01  0.92624E-01  0.18911E+00  0.30877E-01  0.23311E-01  0.15488E-01
     y            2    "0"  "0"  0.41315E+00  0.98127E-06  0.77188E-01  0.71416E-01  0.86835E-01  0.92624E-01  0.18911E+00  0.30877E-01  0.23311E-01  0.15488E-01
     n            2    "NA"  "0"  0.41315E+00  0.98127E-06  0.77188E-01  0.71416E-01  0.86835E-01  0.92624E-01  0.18911E+00  0.30877E-01  0.23311E-01  0.15488E-01
     y            2    "0"  "0"  0.41315E+00  0.98127E-06  0.77188E-01  0.71416E-01  0.86835E-01  0.92624E-01  0.18911E+00  0.30877E-01  0.23311E-01  0.15488E-01
     y            2    "0"  "0"  0.41315E+00  0.98127E-06  0.77188E-01  0.71416E-01  0.86835E-01  0.92624E-01  0.18911E+00  0.30877E-01  0.23311E-01  0.15488E-01
     y           30    "EC_U2"  "EC_U1"  0.33856E+00  0.31348E-02  0.62696E-02  0.15674E-01  0.94044E-02  0.12539E-01  0.18809E-01  0.31348E-02  0.45455E+00  0.13793E+00
     y            2    "0"  "0"  0.41315E+00  0.98127E-06  0.77188E-01  0.71416E-01  0.86835E-01  0.92624E-01  0.18911E+00  0.30877E-01  0.23311E-01  0.15488E-01
     y            2    "EC_M1"  "0"  0.41315E+00  0.98127E-06  0.77188E-01  0.71416E-01  0.86835E-01  0.92624E-01  0.18911E+00  0.30877E-01  0.23311E-01  0.15488E-01
     y            2    "EC-m2"  "0"  0.41315E+00  0.98127E-06  0.77188E-01  0.71416E-01  0.86835E-01  0.92624E-01  0.18911E+00  0.30877E-01  0.23311E-01  0.15488E-01
     y           30    "EC_U2"  "EC_U1"  0.33856E+00  0.31348E-02  0.62696E-02  0.15674E-01  0.94044E-02  0.12539E-01  0.18809E-01  0.31348E-02  0.45455E+00  0.13793E+00
     y            2    "0"  "0"  0.41315E+00  0.98127E-06  0.77188E-01  0.71416E-01  0.86835E-01  0.92624E-01  0.18911E+00  0.30877E-01  0.23311E-01  0.15488E-01
     y            2    "0"  "0"  0.41315E+00  0.98127E-06  0.77188E-01  0.71416E-01  0.86835E-01  0.92624E-01  0.18911E+00  0.30877E-01  0.23311E-01  0.15488E-01
     y           30    "EC_U1"  "EC_U1"  0.33856E+00  0.31348E-02  0.62696E-02  0.15674E-01  0.94044E-02  0.12539E-01  0.18809E-01  0.31348E-02  0.45455E+00  0.13793E+00
     y            6    "0"  "0"  0.99944E+00  0.98127E-06  0.44157E-04  0.57895E-04  0.48082E-04  0.52007E-04  0.10696E-03  0.19625E-04  0.16780E-03  0.58876E-04
     y           30    "EC_U1"  "EC_U1"  0.33856E+00  0.31348E-02  0.62696E-02  0.15674E-01  0.94044E-02  0.12539E-01  0.18809E-01  0.31348E-02  0.45455E+00  0.13793E+00
     n            6    "NA"  "0"  0.99944E+00  0.98127E-06  0.44157E-04  0.57895E-04  0.48082E-04  0.52007E-04  0.10696E-03  0.19625E-04  0.16780E-03  0.58876E-04
     y           30    "EC_U1"  "EC_U1"  0.33856E+00  0.31348E-02  0.62696E-02  0.15674E-01  0.94044E-02  0.12539E-01  0.18809E-01  0.31348E-02  0.45455E+00  0.13793E+00
     y           30    "EC_U2"  "EC_U1"  0.33856E+00  0.31348E-02  0.62696E-02  0.15674E-01  0.94044E-02  0.12539E-01  0.18809E-01  0.31348E-02  0.45455E+00  0.13793E+00
     y            6    "0"  "0"  0.99944E+00  0.98127E-06  0.44157E-04  0.57895E-04  0.48082E-04  0.52007E-04  0.10696E-03  0.19625E-04  0.16780E-03  0.58876E-04
     y            6    "0"  "0"  0.99944E+00  0.98127E-06  0.44157E-04  0.57895E-04  0.48082E-04  0.52007E-04  0.10696E-03  0.19625E-04  0.16780E-03  0.58876E-04
     y            6    "0"  "0"  0.99944E+00  0.98127E-06  0.44157E-04  0.57895E-04  0.48082E-04  0.52007E-04  0.10696E-03  0.19625E-04  0.16780E-03  0.58876E-04
     y            2    "0"  "0"  0.41315E+00  0.98127E-06  0.77188E-01  0.71416E-01  0.86835E-01  0.92624E-01  0.18911E+00  0.30877E-01  0.23311E-01  0.15488E-01
     y           30    "EC_U1"  "EC_U1"  0.33856E+00  0.31348E-02  0.62696E-02  0.15674E-01  0.94044E-02  0.12539E-01  0.18809E-01  0.31348E-02  0.45455E+00  0.13793E+00
     y            2    "EC_M4"  "0"  0.41315E+00  0.98127E-06  0.77188E-01  0.71416E-01  0.86835E-01  0.92624E-01  0.18911E+00  0.30877E-01  0.23311E-01  0.15488E-01
     y            2    "EC_M3"  "0"  0.41315E+00  0.98127E-06  0.77188E-01  0.71416E-01  0.86835E-01  0.92624E-01  0.18911E+00  0.30877E-01  0.23311E-01  0.15488E-01
     y            2    "EC_U1"  "0"  0.41315E+00  0.98127E-06  0.77188E-01  0.71416E-01  0.86835E-01  0.92624E-01  0.18911E+00  0.30877E-01  0.23311E-01  0.15488E-01
     y            2    "EC_M1"  "0"  0.41315E+00  0.98127E-06  0.77188E-01  0.71416E-01  0.86835E-01  0.92624E-01  0.18911E+00  0.30877E-01  0.23311E-01  0.15488E-01
     y            6    "0"  "0"  0.99944E+00  0.98127E-06  0.44157E-04  0.57895E-04  0.48082E-04  0.52007E-04  0.10696E-03  0.19625E-04  0.16780E-03  0.58876E-04
     y            6    "0"  "0"  0.99944E+00  0.98127E-06  0.44157E-04  0.57895E-04  0.48082E-04  0.52007E-04  0.10696E-03  0.19625E-04  0.16780E-03  0.58876E-04
     y           31    "0"  "0"  0.51057E+00  0.98127E-06  0.42555E-01  0.57895E-04  0.48082E-04  0.52007E-04  0.63874E-01  0.19625E-04  0.23398E+00  0.14885E+00
     y            2    "EC-m2"  "0"  0.41315E+00  0.98127E-06  0.77188E-01  0.71416E-01  0.86835E-01  0.92624E-01  0.18911E+00  0.30877E-01  0.23311E-01  0.15488E-01
     y            2    "0"  "0"  0.41315E+00  0.98127E-06  0.77188E-01  0.71416E-01  0.86835E-01  0.92624E-01  0.18911E+00  0.30877E-01  0.23311E-01  0.15488E-01
     y            2    "EC_O"  "0"  0.41315E+00  0.98127E-06  0.77188E-01  0.71416E-01  0.86835E-01  0.92624E-01  0.18911E+00  0.30877E-01  0.23311E-01  0.15488E-01
     y           30    "0"  "EC_U1"  0.33856E+00  0.31348E-02  0.62696E-02  0.15674E-01  0.94044E-02  0.12539E-01  0.18809E-01  0.31348E-02  0.45455E+00  0.13793E+00
     y           30    "0"  "EC_U1"  0.33856E+00  0.31348E-02  0.62696E-02  0.15674E-01  0.94044E-02  0.12539E-01  0.18809E-01  0.31348E-02  0.45455E+00  0.13793E+00
     y            6    "0"  "0"  0.99944E+00  0.98127E-06  0.44157E-04  0.57895E-04  0.48082E-04  0.52007E-04  0.10696E-03  0.19625E-04  0.16780E-03  0.58876E-04
     y            2    "EC_M1"  "0"  0.41315E+00  0.98127E-06  0.77188E-01  0.71416E-01  0.86835E-01  0.92624E-01  0.18911E+00  0.30877E-01  0.23311E-01  0.15488E-01
     y           30    "EC_U1"  "EC_U1"  0.33856E+00  0.31348E-02  0.62696E-02  0.15674E-01  0.94044E-02  0.12539E-01  0.18809E-01  0.31348E-02  0.45455E+00  0.13793E+00
     y            6    "0"  "0"  0.99944E+00  0.98127E-06  0.44157E-04  0.57895E-04  0.48082E-04  0.52007E-04  0.10696E-03  0.19625E-04  0.16780E-03  0.58876E-04
     y            2    "0"  "0"  0.41315E+00  0.98127E-06  0.77188E-01  0.71416E-01  0.86835E-01  0.92624E-01  0.18911E+00  0.30877E-01  0.23311E-01  0.15488E-01
     y           14    "0"  "0"  0.46294E+00  0.98127E-06  0.18544E-01  0.31456E+00  0.18548E-01  0.18552E-01  0.37107E-01  0.55520E-01  0.55668E-01  0.18559E-01
     y            2    "0"  "0"  0.41315E+00  0.98127E-06  0.77188E-01  0.71416E-01  0.86835E-01  0.92624E-01  0.18911E+00  0.30877E-01  0.23311E-01  0.15488E-01
     y            2    "EC_M3"  "0"  0.41315E+00  0.98127E-06  0.77188E-01  0.71416E-01  0.86835E-01  0.92624E-01  0.18911E+00  0.30877E-01  0.23311E-01  0.15488E-01
     y            6    "0"  "0"  0.99944E+00  0.98127E-06  0.44157E-04  0.57895E-04  0.48082E-04  0.52007E-04  0.10696E-03  0.19625E-04  0.16780E-03  0.58876E-04
     y            2    "EC_M4"  "0"  0.41315E+00  0.98127E-06  0.77188E-01  0.71416E-01  0.86835E-01  0.92624E-01  0.18911E+00  0.30877E-01  0.23311E-01  0.15488E-01
     y           30    "0"  "EC_U1"  0.33856E+00  0.31348E-02  0.62696E-02  0.15674E-01  0.94044E-02  0.12539E-01  0.18809E-01  0.31348E-02  0.45455E+00  0.13793E+00
     y            2    "EC_I"  "0"  0.41315E+00  0.98127E-06  0.77188E-01  0.71416E-01  0.86835E-01  0.92624E-01  0.18911E+00  0.30877E-01  0.23311E-01  0.15488E-01
     y            2    "0"  "0"  0.41315E+00  0.98127E-06  0.77188E-01  0.71416E-01  0.86835E-01  0.92624E-01  0.18911E+00  0.30877E-01  0.23311E-01  0.15488E-01
     y            2    "EC_I"  "0"  0.41315E+00  0.98127E-06  0.77188E-01  0.71416E-01  0.86835E-01  0.92624E-01  0.18911E+00  0.30877E-01  0.23311E-01  0.15488E-01
     y            2    "EC-m2"  "0"  0.41315E+00  0.98127E-06  0.77188E-01  0.71416E-01  0.86835E-01  0.92624E-01  0.18911E+00  0.30877E-01  0.23311E-01  0.15488E-01
     y            2    "0"  "0"  0.41315E+00  0.98127E-06  0.77188E-01  0.71416E-01  0.86835E-01  0.92624E-01  0.18911E+00  0.30877E-01  0.23311E-01  0.15488E-01
     y            2    "0"  "0"  0.41315E+00  0.98127E-06  0.77188E-01  0.71416E-01  0.86835E-01  0.92624E-01  0.18911E+00  0.30877E-01  0.23311E-01  0.15488E-01
     y            2    "0"  "0"  0.41315E+00  0.98127E-06  0.77188E-01  0.71416E-01  0.86835E-01  0.92624E-01  0.18911E+00  0.30877E-01  0.23311E-01  0.15488E-01
     y            6    "0"  "0"  0.99944E+00  0.98127E-06  0.44157E-04  0.57895E-04  0.48082E-04  0.52007E-04  0.10696E-03  0.19625E-04  0.16780E-03  0.58876E-04
     y            6    "0"  "0"  0.99944E+00  0.98127E-06  0.44157E-04  0.57895E-04  0.48082E-04  0.52007E-04  0.10696E-03  0.19625E-04  0.16780E-03  0.58876E-04
     y            2    "EC-m2"  "0"  0.41315E+00  0.98127E-06  0.77188E-01  0.71416E-01  0.86835E-01  0.92624E-01  0.18911E+00  0.30877E-01  0.23311E-01  0.15488E-01
     y            2    "0"  "0"  0.41315E+00  0.98127E-06  0.77188E-01  0.71416E-01  0.86835E-01  0.92624E-01  0.18911E+00  0.30877E-01  0.23311E-01  0.15488E-01
     y            2    "0"  "0"  0.41315E+00  0.98127E-06  0.77188E-01  0.71416E-01  0.86835E-01  0.92624E-01  0.18911E+00  0.30877E-01  0.23311E-01  0.15488E-01
     y            6    "0"  "0"  0.99944E+00  0.98127E-06  0.44157E-04  0.57895E-04  0.48082E-04  0.52007E-04  0.10696E-03  0.19625E-04  0.16780E-03  0.58876E-04
     y            2    "0"  "0"  0.41315E+00  0.98127E-06  0.77188E-01  0.71416E-01  0.86835E-01  0.92624E-01  0.18911E+00  0.30877E-01  0.23311E-01  0.15488E-01
     y            2    "EC-m2"  "0"  0.41315E+00  0.98127E-06  0.77188E-01  0.71416E-01  0.86835E-01  0.92624E-01  0.18911E+00  0.30877E-01  0.23311E-01  0.15488E-01
     y            2    "EC_M4"  "0"  0.41315E+00  0.98127E-06  0.77188E-01  0.71416E-01  0.86835E-01  0.92624E-01  0.18911E+00  0.30877E-01  0.23311E-01  0.15488E-01
     y            2    "EC_M4"  "0"  0.41315E+00  0.98127E-06  0.77188E-01  0.71416E-01  0.86835E-01  0.92624E-01  0.18911E+00  0.30877E-01  0.23311E-01  0.15488E-01
     y            2    "EC_O"  "0"  0.41315E+00  0.98127E-06  0.77188E-01  0.71416E-01  0.86835E-01  0.92624E-01  0.18911E+00  0.30877E-01  0.23311E-01  0.15488E-01
     y            2    "EC_M4"  "0"  0.41315E+00  0.98127E-06  0.77188E-01  0.71416E-01  0.86835E-01  0.92624E-01  0.18911E+00  0.30877E-01  0.23311E-01  0.15488E-01
     y            2    "EC_M3"  "0"  0.41315E+00  0.98127E-06  0.77188E-01  0.71416E-01  0.86835E-01  0.92624E-01  0.18911E+00  0.30877E-01  0.23311E-01  0.15488E-01
     y            2    "EC_U1"  "0"  0.41315E+00  0.98127E-06  0.77188E-01  0.71416E-01  0.86835E-01  0.92624E-01  0.18911E+00  0.30877E-01  0.23311E-01  0.15488E-01
     y            6    "0"  "0"  0.99944E+00  0.98127E-06  0.44157E-04  0.57895E-04  0.48082E-04  0.52007E-04  0.10696E-03  0.19625E-04  0.16780E-03  0.58876E-04
     y            6    "0"  "0"  0.99944E+00  0.98127E-06  0.44157E-04  0.57895E-04  0.48082E-04  0.52007E-04  0.10696E-03  0.19625E-04  0.16780E-03  0.58876E-04
     y           31    "EC-m2"  "0"  0.51057E+00  0.98127E-06  0.42555E-01  0.57895E-04  0.48082E-04  0.52007E-04  0.63874E-01  0.19625E-04  0.23398E+00  0.14885E+00
     y            2    "0"  "0"  0.41315E+00  0.98127E-06  0.77188E-01  0.71416E-01  0.86835E-01  0.92624E-01  0.18911E+00  0.30877E-01  0.23311E-01  0.15488E-01
     y            2    "EC_M3"  "0"  0.41315E+00  0.98127E-06  0.77188E-01  0.71416E-01  0.86835E-01  0.92624E-01  0.18911E+00  0.30877E-01  0.23311E-01  0.15488E-01
     y            2    "EC-m2"  "0"  0.41315E+00  0.98127E-06  0.77188E-01  0.71416E-01  0.86835E-01  0.92624E-01  0.18911E+00  0.30877E-01  0.23311E-01  0.15488E-01
     y            6    "0"  "0"  0.99944E+00  0.98127E-06  0.44157E-04  0.57895E-04  0.48082E-04  0.52007E-04  0.10696E-03  0.19625E-04  0.16780E-03  0.58876E-04
     y            2    "0"  "0"  0.41315E+00  0.98127E-06  0.77188E-01  0.71416E-01  0.86835E-01  0.92624E-01  0.18911E+00  0.30877E-01  0.23311E-01  0.15488E-01
     y            2    "0"  "0"  0.41315E+00  0.98127E-06  0.77188E-01  0.71416E-01  0.86835E-01  0.92624E-01  0.18911E+00  0.30877E-01  0.23311E-01  0.15488E-01
     y            2    "EC_M1"  "0"  0.41315E+00  0.98127E-06  0.77188E-01  0.71416E-01  0.86835E-01  0.92624E-01  0.18911E+00  0.30877E-01  0.23311E-01  0.15488E-01
     y            2    "0"  "0"  0.41315E+00  0.98127E-06  0.77188E-01  0.71416E-01  0.86835E-01  0.92624E-01  0.18911E+00  0.30877E-01  0.23311E-01  0.15488E-01
     y           31    "0"  "0"  0.51057E+00  0.98127E-06  0.42555E-01  0.57895E-04  0.48082E-04  0.52007E-04  0.63874E-01  0.19625E-04  0.23398E+00  0.14885E+00
     y            2    "EC_M4"  "0"  0.41315E+00  0.98127E-06  0.77188E-01  0.71416E-01  0.86835E-01  0.92624E-01  0.18911E+00  0.30877E-01  0.23311E-01  0.15488E-01
     y           30    "0"  "EC_U1"  0.33856E+00  0.31348E-02  0.62696E-02  0.15674E-01  0.94044E-02  0.12539E-01  0.18809E-01  0.31348E-02  0.45455E+00  0.13793E+00
     y            6    "0"  "0"  0.99944E+00  0.98127E-06  0.44157E-04  0.57895E-04  0.48082E-04  0.52007E-04  0.10696E-03  0.19625E-04  0.16780E-03  0.58876E-04
     y           30    "EC_U1"  "EC_U1"  0.33856E+00  0.31348E-02  0.62696E-02  0.15674E-01  0.94044E-02  0.12539E-01  0.18809E-01  0.31348E-02  0.45455E+00  0.13793E+00
     y            6    "0"  "0"  0.99944E+00  0.98127E-06  0.44157E-04  0.57895E-04  0.48082E-04  0.52007E-04  0.10696E-03  0.19625E-04  0.16780E-03  0.58876E-04
     y            6    "0"  "0"  0.99944E+00  0.98127E-06  0.44157E-04  0.57895E-04  0.48082E-04  0.52007E-04  0.10696E-03  0.19625E-04  0.16780E-03  0.58876E-04
     y            2    "EC_U1"  "0"  0.41315E+00  0.98127E-06  0.77188E-01  0.71416E-01  0.86835E-01  0.92624E-01  0.18911E+00  0.30877E-01  0.23311E-01  0.15488E-01
     y           30    "EC_U1"  "EC_U1"  0.33856E+00  0.31348E-02  0.62696E-02  0.15674E-01  0.94044E-02  0.12539E-01  0.18809E-01  0.31348E-02  0.45455E+00  0.13793E+00
     y           30    "EC_U2"  "EC_U1"  0.33856E+00  0.31348E-02  0.62696E-02  0.15674E-01  0.94044E-02  0.12539E-01  0.18809E-01  0.31348E-02  0.45455E+00  0.13793E+00
     y            2    "EC_M1"  "0"  0.41315E+00  0.98127E-06  0.77188E-01  0.71416E-01  0.86835E-01  0.92624E-01  0.18911E+00  0.30877E-01  0.23311E-01  0.15488E-01
     y           30    "0"  "EC_U1"  0.33856E+00  0.31348E-02  0.62696E-02  0.15674E-01  0.94044E-02  0.12539E-01  0.18809E-01  0.31348E-02  0.45455E+00  0.13793E+00
     y           30    "EC_U2"  "EC_U1"  0.33856E+00  0.31348E-02  0.62696E-02  0.15674E-01  0.94044E-02  0.12539E-01  0.18809E-01  0.31348E-02  0.45455E+00  0.13793E+00
     y            2    "EC_M4"  "0"  0.41315E+00  0.98127E-06  0.77188E-01  0.71416E-01  0.86835E-01  0.92624E-01  0.18911E+00  0.30877E-01  0.23311E-01  0.15488E-01
     y            2    "EC_O"  "0"  0.41315E+00  0.98127E-06  0.77188E-01  0.71416E-01  0.86835E-01  0.92624E-01  0.18911E+00  0.30877E-01  0.23311E-01  0.15488E-01
     y            6    "0"  "0"  0.99944E+00  0.98127E-06  0.44157E-04  0.57895E-04  0.48082E-04  0.52007E-04  0.10696E-03  0.19625E-04  0.16780E-03  0.58876E-04
     y            2    "0"  "0"  0.41315E+00  0.98127E-06  0.77188E-01  0.71416E-01  0.86835E-01  0.92624E-01  0.18911E+00  0.30877E-01  0.23311E-01  0.15488E-01
     y            2    "EC_M3"  "0"  0.41315E+00  0.98127E-06  0.77188E-01  0.71416E-01  0.86835E-01  0.92624E-01  0.18911E+00  0.30877E-01  0.23311E-01  0.15488E-01
     y           30    "EC_U1"  "EC_U1"  0.33856E+00  0.31348E-02  0.62696E-02  0.15674E-01  0.94044E-02  0.12539E-01  0.18809E-01  0.31348E-02  0.45455E+00  0.13793E+00
     y            2    "0"  "0"  0.41315E+00  0.98127E-06  0.77188E-01  0.71416E-01  0.86835E-01  0.92624E-01  0.18911E+00  0.30877E-01  0.23311E-01  0.15488E-01
     y           30    "EC_I"  "EC_U1"  0.33856E+00  0.31348E-02  0.62696E-02  0.15674E-01  0.94044E-02  0.12539E-01  0.18809E-01  0.31348E-02  0.45455E+00  0.13793E+00
     y            2    "0"  "0"  0.41315E+00  0.98127E-06  0.77188E-01  0.71416E-01  0.86835E-01  0.92624E-01  0.18911E+00  0.30877E-01  0.23311E-01  0.15488E-01
     y           30    "EC_U1"  "EC_U1"  0.33856E+00  0.31348E-02  0.62696E-02  0.15674E-01  0.94044E-02  0.12539E-01  0.18809E-01  0.31348E-02  0.45455E+00  0.13793E+00
     y            2    "EC_M4"  "0"  0.41315E+00  0.98127E-06  0.77188E-01  0.71416E-01  0.86835E-01  0.92624E-01  0.18911E+00  0.30877E-01  0.23311E-01  0.15488E-01
     y           30    "EC_U1"  "EC_U1"  0.33856E+00  0.31348E-02  0.62696E-02  0.15674E-01  0.94044E-02  0.12539E-01  0.18809E-01  0.31348E-02  0.45455E+00  0.13793E+00
     y            2    "EC_M3"  "0"  0.41315E+00  0.98127E-06  0.77188E-01  0.71416E-01  0.86835E-01  0.92624E-01  0.18911E+00  0.30877E-01  0.23311E-01  0.15488E-01
     y            2    "EC_M3"  "0"  0.41315E+00  0.98127E-06  0.77188E-01  0.71416E-01  0.86835E-01  0.92624E-01  0.18911E+00  0.30877E-01  0.23311E-01  0.15488E-01
     y            2    "0"  "0"  0.41315E+00  0.98127E-06  0.77188E-01  0.71416E-01  0.86835E-01  0.92624E-01  0.18911E+00  0.30877E-01  0.23311E-01  0.15488E-01
     y            2    "EC-m2"  "0"  0.41315E+00  0.98127E-06  0.77188E-01  0.71416E-01  0.86835E-01  0.92624E-01  0.18911E+00  0.30877E-01  0.23311E-01  0.15488E-01
     y            2    "EC_M3"  "0"  0.41315E+00  0.98127E-06  0.77188E-01  0.71416E-01  0.86835E-01  0.92624E-01  0.18911E+00  0.30877E-01  0.23311E-01  0.15488E-01
     y           30    "EC_U1"  "EC_U1"  0.33856E+00  0.31348E-02  0.62696E-02  0.15674E-01  0.94044E-02  0.12539E-01  0.18809E-01  0.31348E-02  0.45455E+00  0.13793E+00
     y            2    "EC_M4"  "0"  0.41315E+00  0.98127E-06  0.77188E-01  0.71416E-01  0.86835E-01  0.92624E-01  0.18911E+00  0.30877E-01  0.23311E-01  0.15488E-01
     y            2    "0"  "0"  0.41315E+00  0.98127E-06  0.77188E-01  0.71416E-01  0.86835E-01  0.92624E-01  0.18911E+00  0.30877E-01  0.23311E-01  0.15488E-01
     y            2    "EC_M4"  "0"  0.41315E+00  0.98127E-06  0.77188E-01  0.71416E-01  0.86835E-01  0.92624E-01  0.18911E+00  0.30877E-01  0.23311E-01  0.15488E-01
     y            2    "EC_M3"  "0"  0.41315E+00  0.98127E-06  0.77188E-01  0.71416E-01  0.86835E-01  0.92624E-01  0.18911E+00  0.30877E-01  0.23311E-01  0.15488E-01
     y            2    "EC_M3"  "0"  0.41315E+00  0.98127E-06  0.77188E-01  0.71416E-01  0.86835E-01  0.92624E-01  0.18911E+00  0.30877E-01  0.23311E-01  0.15488E-01
     y            2    "EC_O"  "0"  0.41315E+00  0.98127E-06  0.77188E-01  0.71416E-01  0.86835E-01  0.92624E-01  0.18911E+00  0.30877E-01  0.23311E-01  0.15488E-01
     y            2    "0"  "0"  0.41315E+00  0.98127E-06  0.77188E-01  0.71416E-01  0.86835E-01  0.92624E-01  0.18911E+00  0.30877E-01  0.23311E-01  0.15488E-01
     y            2    "EC_M4"  "0"  0.41315E+00  0.98127E-06  0.77188E-01  0.71416E-01  0.86835E-01  0.92624E-01  0.18911E+00  0.30877E-01  0.23311E-01  0.15488E-01
     y            6    "0"  "0"  0.99944E+00  0.98127E-06  0.44157E-04  0.57895E-04  0.48082E-04  0.52007E-04  0.10696E-03  0.19625E-04  0.16780E-03  0.58876E-04
     y           30    "EC_U1"  "EC_U1"  0.33856E+00  0.31348E-02  0.62696E-02  0.15674E-01  0.94044E-02  0.12539E-01  0.18809E-01  0.31348E-02  0.45455E+00  0.13793E+00
     y            2    "EC_M4"  "0"  0.41315E+00  0.98127E-06  0.77188E-01  0.71416E-01  0.86835E-01  0.92624E-01  0.18911E+00  0.30877E-01  0.23311E-01  0.15488E-01
     y            2    "EC-m2"  "0"  0.41315E+00  0.98127E-06  0.77188E-01  0.71416E-01  0.86835E-01  0.92624E-01  0.18911E+00  0.30877E-01  0.23311E-01  0.15488E-01
     y            2    "EC_O"  "0"  0.41315E+00  0.98127E-06  0.77188E-01  0.71416E-01  0.86835E-01  0.92624E-01  0.18911E+00  0.30877E-01  0.23311E-01  0.15488E-01
     y           14    "EC_O"  "0"  0.46294E+00  0.98127E-06  0.18544E-01  0.31456E+00  0.18548E-01  0.18552E-01  0.37107E-01  0.55520E-01  0.55668E-01  0.18559E-01
     y            2    "0"  "0"  0.41315E+00  0.98127E-06  0.77188E-01  0.71416E-01  0.86835E-01  0.92624E-01  0.18911E+00  0.30877E-01  0.23311E-01  0.15488E-01
     y            2    "0"  "0"  0.41315E+00  0.98127E-06  0.77188E-01  0.71416E-01  0.86835E-01  0.92624E-01  0.18911E+00  0.30877E-01  0.23311E-01  0.15488E-01
     y            2    "0"  "0"  0.41315E+00  0.98127E-06  0.77188E-01  0.71416E-01  0.86835E-01  0.92624E-01  0.18911E+00  0.30877E-01  0.23311E-01  0.15488E-01
     y            2    "0"  "0"  0.41315E+00  0.98127E-06  0.77188E-01  0.71416E-01  0.86835E-01  0.92624E-01  0.18911E+00  0.30877E-01  0.23311E-01  0.15488E-01
     y           30    "0"  "EC_U1"  0.33856E+00  0.31348E-02  0.62696E-02  0.15674E-01  0.94044E-02  0.12539E-01  0.18809E-01  0.31348E-02  0.45455E+00  0.13793E+00
     y            2    "EC_U2"  "0"  0.41315E+00  0.98127E-06  0.77188E-01  0.71416E-01  0.86835E-01  0.92624E-01  0.18911E+00  0.30877E-01  0.23311E-01  0.15488E-01
     y            2    "EC_I"  "0"  0.41315E+00  0.98127E-06  0.77188E-01  0.71416E-01  0.86835E-01  0.92624E-01  0.18911E+00  0.30877E-01  0.23311E-01  0.15488E-01
     y            2    "EC_M4"  "0"  0.41315E+00  0.98127E-06  0.77188E-01  0.71416E-01  0.86835E-01  0.92624E-01  0.18911E+00  0.30877E-01  0.23311E-01  0.15488E-01
     y            2    "0"  "0"  0.41315E+00  0.98127E-06  0.77188E-01  0.71416E-01  0.86835E-01  0.92624E-01  0.18911E+00  0.30877E-01  0.23311E-01  0.15488E-01
     y            2    "EC_I"  "0"  0.41315E+00  0.98127E-06  0.77188E-01  0.71416E-01  0.86835E-01  0.92624E-01  0.18911E+00  0.30877E-01  0.23311E-01  0.15488E-01
     y            2    "EC_M4"  "0"  0.41315E+00  0.98127E-06  0.77188E-01  0.71416E-01  0.86835E-01  0.92624E-01  0.18911E+00  0.30877E-01  0.23311E-01  0.15488E-01
     y            2    "0"  "0"  0.41315E+00  0.98127E-06  0.77188E-01  0.71416E-01  0.86835E-01  0.92624E-01  0.18911E+00  0.30877E-01  0.23311E-01  0.15488E-01
     n            2    "NA"  "0"  0.41315E+00  0.98127E-06  0.77188E-01  0.71416E-01  0.86835E-01  0.92624E-01  0.18911E+00  0.30877E-01  0.23311E-01  0.15488E-01
     n            2    "NA"  "0"  0.41315E+00  0.98127E-06  0.77188E-01  0.71416E-01  0.86835E-01  0.92624E-01  0.18911E+00  0.30877E-01  0.23311E-01  0.15488E-01
     n            2    "NA"  "0"  0.41315E+00  0.98127E-06  0.77188E-01  0.71416E-01  0.86835E-01  0.92624E-01  0.18911E+00  0.30877E-01  0.23311E-01  0.15488E-01
     n            2    "NA"  "0"  0.41315E+00  0.98127E-06  0.77188E-01  0.71416E-01  0.86835E-01  0.92624E-01  0.18911E+00  0.30877E-01  0.23311E-01  0.15488E-01
     n            6    "NA"  "0"  0.99944E+00  0.98127E-06  0.44157E-04  0.57895E-04  0.48082E-04  0.52007E-04  0.10696E-03  0.19625E-04  0.16780E-03  0.58876E-04
     y            2    "0"  "0"  0.41315E+00  0.98127E-06  0.77188E-01  0.71416E-01  0.86835E-01  0.92624E-01  0.18911E+00  0.30877E-01  0.23311E-01  0.15488E-01
     y            2    "EC-m2"  "0"  0.41315E+00  0.98127E-06  0.77188E-01  0.71416E-01  0.86835E-01  0.92624E-01  0.18911E+00  0.30877E-01  0.23311E-01  0.15488E-01
     y            2    "EC_M4"  "0"  0.41315E+00  0.98127E-06  0.77188E-01  0.71416E-01  0.86835E-01  0.92624E-01  0.18911E+00  0.30877E-01  0.23311E-01  0.15488E-01
     y            2    "EC_M4"  "0"  0.41315E+00  0.98127E-06  0.77188E-01  0.71416E-01  0.86835E-01  0.92624E-01  0.18911E+00  0.30877E-01  0.23311E-01  0.15488E-01
     n            2    "NA"  "0"  0.41315E+00  0.98127E-06  0.77188E-01  0.71416E-01  0.86835E-01  0.92624E-01  0.18911E+00  0.30877E-01  0.23311E-01  0.15488E-01
     y           30    "EC_U1"  "EC_U1"  0.33856E+00  0.31348E-02  0.62696E-02  0.15674E-01  0.94044E-02  0.12539E-01  0.18809E-01  0.31348E-02  0.45455E+00  0.13793E+00
     y            2    "EC_U1"  "0"  0.41315E+00  0.98127E-06  0.77188E-01  0.71416E-01  0.86835E-01  0.92624E-01  0.18911E+00  0.30877E-01  0.23311E-01  0.15488E-01
     y            2    "EC_M4"  "0"  0.41315E+00  0.98127E-06  0.77188E-01  0.71416E-01  0.86835E-01  0.92624E-01  0.18911E+00  0.30877E-01  0.23311E-01  0.15488E-01
     y           30    "EC_U1"  "EC_U1"  0.33856E+00  0.31348E-02  0.62696E-02  0.15674E-01  0.94044E-02  0.12539E-01  0.18809E-01  0.31348E-02  0.45455E+00  0.13793E+00
     y           30    "EC_U2"  "EC_U1"  0.33856E+00  0.31348E-02  0.62696E-02  0.15674E-01  0.94044E-02  0.12539E-01  0.18809E-01  0.31348E-02  0.45455E+00  0.13793E+00
     y            2    "EC_I"  "0"  0.41315E+00  0.98127E-06  0.77188E-01  0.71416E-01  0.86835E-01  0.92624E-01  0.18911E+00  0.30877E-01  0.23311E-01  0.15488E-01
     y            2    "EC-m2"  "0"  0.41315E+00  0.98127E-06  0.77188E-01  0.71416E-01  0.86835E-01  0.92624E-01  0.18911E+00  0.30877E-01  0.23311E-01  0.15488E-01
     y           30    "EC_M4"  "EC_U1"  0.33856E+00  0.31348E-02  0.62696E-02  0.15674E-01  0.94044E-02  0.12539E-01  0.18809E-01  0.31348E-02  0.45455E+00  0.13793E+00
     y           31    "0"  "0"  0.51057E+00  0.98127E-06  0.42555E-01  0.57895E-04  0.48082E-04  0.52007E-04  0.63874E-01  0.19625E-04  0.23398E+00  0.14885E+00
     y           30    "EC_U1"  "EC_U1"  0.33856E+00  0.31348E-02  0.62696E-02  0.15674E-01  0.94044E-02  0.12539E-01  0.18809E-01  0.31348E-02  0.45455E+00  0.13793E+00
     y           30    "EC_U1"  "EC_U1"  0.33856E+00  0.31348E-02  0.62696E-02  0.15674E-01  0.94044E-02  0.12539E-01  0.18809E-01  0.31348E-02  0.45455E+00  0.13793E+00
     y           30    "EC_U1"  "EC_U1"  0.33856E+00  0.31348E-02  0.62696E-02  0.15674E-01  0.94044E-02  0.12539E-01  0.18809E-01  0.31348E-02  0.45455E+00  0.13793E+00
     y            2    "EC_U2"  "0"  0.41315E+00  0.98127E-06  0.77188E-01  0.71416E-01  0.86835E-01  0.92624E-01  0.18911E+00  0.30877E-01  0.23311E-01  0.15488E-01
     y           31    "EC_U2"  "0"  0.51057E+00  0.98127E-06  0.42555E-01  0.57895E-04  0.48082E-04  0.52007E-04  0.63874E-01  0.19625E-04  0.23398E+00  0.14885E+00
     y            2    "EC-m2"  "0"  0.41315E+00  0.98127E-06  0.77188E-01  0.71416E-01  0.86835E-01  0.92624E-01  0.18911E+00  0.30877E-01  0.23311E-01  0.15488E-01
     y           14    "EC_I"  "0"  0.46294E+00  0.98127E-06  0.18544E-01  0.31456E+00  0.18548E-01  0.18552E-01  0.37107E-01  0.55520E-01  0.55668E-01  0.18559E-01
     y           30    "EC_U1"  "EC_U1"  0.33856E+00  0.31348E-02  0.62696E-02  0.15674E-01  0.94044E-02  0.12539E-01  0.18809E-01  0.31348E-02  0.45455E+00  0.13793E+00
     y           30    "EC_U1"  "EC_U1"  0.33856E+00  0.31348E-02  0.62696E-02  0.15674E-01  0.94044E-02  0.12539E-01  0.18809E-01  0.31348E-02  0.45455E+00  0.13793E+00
     y           30    "EC_U2"  "EC_U1"  0.33856E+00  0.31348E-02  0.62696E-02  0.15674E-01  0.94044E-02  0.12539E-01  0.18809E-01  0.31348E-02  0.45455E+00  0.13793E+00
     y           30    "EC_U1"  "EC_U1"  0.33856E+00  0.31348E-02  0.62696E-02  0.15674E-01  0.94044E-02  0.12539E-01  0.18809E-01  0.31348E-02  0.45455E+00  0.13793E+00
     y           30    "EC_U1"  "EC_U1"  0.33856E+00  0.31348E-02  0.62696E-02  0.15674E-01  0.94044E-02  0.12539E-01  0.18809E-01  0.31348E-02  0.45455E+00  0.13793E+00
     y           30    "EC_U1"  "EC_U1"  0.33856E+00  0.31348E-02  0.62696E-02  0.15674E-01  0.94044E-02  0.12539E-01  0.18809E-01  0.31348E-02  0.45455E+00  0.13793E+00
     y           30    "EC_U1"  "EC_U1"  0.33856E+00  0.31348E-02  0.62696E-02  0.15674E-01  0.94044E-02  0.12539E-01  0.18809E-01  0.31348E-02  0.45455E+00  0.13793E+00
     y           30    "EC_U1"  "EC_U1"  0.33856E+00  0.31348E-02  0.62696E-02  0.15674E-01  0.94044E-02  0.12539E-01  0.18809E-01  0.31348E-02  0.45455E+00  0.13793E+00
     y           30    "EC_U1"  "EC_U1"  0.33856E+00  0.31348E-02  0.62696E-02  0.15674E-01  0.94044E-02  0.12539E-01  0.18809E-01  0.31348E-02  0.45455E+00  0.13793E+00
     y            2    "EC_M4"  "0"  0.41315E+00  0.98127E-06  0.77188E-01  0.71416E-01  0.86835E-01  0.92624E-01  0.18911E+00  0.30877E-01  0.23311E-01  0.15488E-01
     y            2    "EC_I"  "0"  0.41315E+00  0.98127E-06  0.77188E-01  0.71416E-01  0.86835E-01  0.92624E-01  0.18911E+00  0.30877E-01  0.23311E-01  0.15488E-01
     y            2    "EC_M3"  "0"  0.41315E+00  0.98127E-06  0.77188E-01  0.71416E-01  0.86835E-01  0.92624E-01  0.18911E+00  0.30877E-01  0.23311E-01  0.15488E-01
     y            2    "EC-m2"  "0"  0.41315E+00  0.98127E-06  0.77188E-01  0.71416E-01  0.86835E-01  0.92624E-01  0.18911E+00  0.30877E-01  0.23311E-01  0.15488E-01
     y           30    "EC_U1"  "EC_U1"  0.33856E+00  0.31348E-02  0.62696E-02  0.15674E-01  0.94044E-02  0.12539E-01  0.18809E-01  0.31348E-02  0.45455E+00  0.13793E+00
     y           30    "EC_U1"  "EC_U1"  0.33856E+00  0.31348E-02  0.62696E-02  0.15674E-01  0.94044E-02  0.12539E-01  0.18809E-01  0.31348E-02  0.45455E+00  0.13793E+00
     y            2    "0"  "0"  0.41315E+00  0.98127E-06  0.77188E-01  0.71416E-01  0.86835E-01  0.92624E-01  0.18911E+00  0.30877E-01  0.23311E-01  0.15488E-01
     y            2    "EC_I"  "0"  0.41315E+00  0.98127E-06  0.77188E-01  0.71416E-01  0.86835E-01  0.92624E-01  0.18911E+00  0.30877E-01  0.23311E-01  0.15488E-01
     y           30    "EC_U2"  "EC_U1"  0.33856E+00  0.31348E-02  0.62696E-02  0.15674E-01  0.94044E-02  0.12539E-01  0.18809E-01  0.31348E-02  0.45455E+00  0.13793E+00
     n           31    "NA"  "0"  0.51057E+00  0.98127E-06  0.42555E-01  0.57895E-04  0.48082E-04  0.52007E-04  0.63874E-01  0.19625E-04  0.23398E+00  0.14885E+00
     y           31    "EC_U1"  "0"  0.51057E+00  0.98127E-06  0.42555E-01  0.57895E-04  0.48082E-04  0.52007E-04  0.63874E-01  0.19625E-04  0.23398E+00  0.14885E+00
     y            2    "EC_I"  "0"  0.41315E+00  0.98127E-06  0.77188E-01  0.71416E-01  0.86835E-01  0.92624E-01  0.18911E+00  0.30877E-01  0.23311E-01  0.15488E-01
     y           31    "EC_M4"  "0"  0.51057E+00  0.98127E-06  0.42555E-01  0.57895E-04  0.48082E-04  0.52007E-04  0.63874E-01  0.19625E-04  0.23398E+00  0.14885E+00
     y           14    "EC_I"  "0"  0.46294E+00  0.98127E-06  0.18544E-01  0.31456E+00  0.18548E-01  0.18552E-01  0.37107E-01  0.55520E-01  0.55668E-01  0.18559E-01
     y           30    "EC_U1"  "EC_U1"  0.33856E+00  0.31348E-02  0.62696E-02  0.15674E-01  0.94044E-02  0.12539E-01  0.18809E-01  0.31348E-02  0.45455E+00  0.13793E+00
     y           30    "EC_U2"  "EC_U1"  0.33856E+00  0.31348E-02  0.62696E-02  0.15674E-01  0.94044E-02  0.12539E-01  0.18809E-01  0.31348E-02  0.45455E+00  0.13793E+00
     y            2    "EC_M4"  "0"  0.41315E+00  0.98127E-06  0.77188E-01  0.71416E-01  0.86835E-01  0.92624E-01  0.18911E+00  0.30877E-01  0.23311E-01  0.15488E-01
     y           30    "EC_U2"  "EC_U1"  0.33856E+00  0.31348E-02  0.62696E-02  0.15674E-01  0.94044E-02  0.12539E-01  0.18809E-01  0.31348E-02  0.45455E+00  0.13793E+00
     y           30    "EC_U1"  "EC_U1"  0.33856E+00  0.31348E-02  0.62696E-02  0.15674E-01  0.94044E-02  0.12539E-01  0.18809E-01  0.31348E-02  0.45455E+00  0.13793E+00
     y           30    "EC_U2"  "EC_U1"  0.33856E+00  0.31348E-02  0.62696E-02  0.15674E-01  0.94044E-02  0.12539E-01  0.18809E-01  0.31348E-02  0.45455E+00  0.13793E+00
     y           31    "EC_U1"  "0"  0.51057E+00  0.98127E-06  0.42555E-01  0.57895E-04  0.48082E-04  0.52007E-04  0.63874E-01  0.19625E-04  0.23398E+00  0.14885E+00
     y           30    "EC_U1"  "EC_U1"  0.33856E+00  0.31348E-02  0.62696E-02  0.15674E-01  0.94044E-02  0.12539E-01  0.18809E-01  0.31348E-02  0.45455E+00  0.13793E+00
     y            2    "EC_I"  "0"  0.41315E+00  0.98127E-06  0.77188E-01  0.71416E-01  0.86835E-01  0.92624E-01  0.18911E+00  0.30877E-01  0.23311E-01  0.15488E-01
     y            2    "EC_M1"  "0"  0.41315E+00  0.98127E-06  0.77188E-01  0.71416E-01  0.86835E-01  0.92624E-01  0.18911E+00  0.30877E-01  0.23311E-01  0.15488E-01
     y           14    "EC_I"  "0"  0.46294E+00  0.98127E-06  0.18544E-01  0.31456E+00  0.18548E-01  0.18552E-01  0.37107E-01  0.55520E-01  0.55668E-01  0.18559E-01
     n            2    "NA"  "0"  0.41315E+00  0.98127E-06  0.77188E-01  0.71416E-01  0.86835E-01  0.92624E-01  0.18911E+00  0.30877E-01  0.23311E-01  0.15488E-01
     y           30    "EC_U2"  "EC_U1"  0.33856E+00  0.31348E-02  0.62696E-02  0.15674E-01  0.94044E-02  0.12539E-01  0.18809E-01  0.31348E-02  0.45455E+00  0.13793E+00
     y            2    "EC_O"  "0"  0.41315E+00  0.98127E-06  0.77188E-01  0.71416E-01  0.86835E-01  0.92624E-01  0.18911E+00  0.30877E-01  0.23311E-01  0.15488E-01
     y            2    "EC_I"  "0"  0.41315E+00  0.98127E-06  0.77188E-01  0.71416E-01  0.86835E-01  0.92624E-01  0.18911E+00  0.30877E-01  0.23311E-01  0.15488E-01
     n           31    "NA"  "0"  0.51057E+00  0.98127E-06  0.42555E-01  0.57895E-04  0.48082E-04  0.52007E-04  0.63874E-01  0.19625E-04  0.23398E+00  0.14885E+00
     y           30    "EC_U1"  "EC_U1"  0.33856E+00  0.31348E-02  0.62696E-02  0.15674E-01  0.94044E-02  0.12539E-01  0.18809E-01  0.31348E-02  0.45455E+00  0.13793E+00
     y            2    "EC_M4"  "0"  0.41315E+00  0.98127E-06  0.77188E-01  0.71416E-01  0.86835E-01  0.92624E-01  0.18911E+00  0.30877E-01  0.23311E-01  0.15488E-01
     y           30    "EC_U2"  "EC_U1"  0.33856E+00  0.31348E-02  0.62696E-02  0.15674E-01  0.94044E-02  0.12539E-01  0.18809E-01  0.31348E-02  0.45455E+00  0.13793E+00
     y            2    "EC_M3"  "0"  0.41315E+00  0.98127E-06  0.77188E-01  0.71416E-01  0.86835E-01  0.92624E-01  0.18911E+00  0.30877E-01  0.23311E-01  0.15488E-01
     y            2    "EC_I"  "0"  0.41315E+00  0.98127E-06  0.77188E-01  0.71416E-01  0.86835E-01  0.92624E-01  0.18911E+00  0.30877E-01  0.23311E-01  0.15488E-01
     y           30    "EC_U2"  "EC_U1"  0.33856E+00  0.31348E-02  0.62696E-02  0.15674E-01  0.94044E-02  0.12539E-01  0.18809E-01  0.31348E-02  0.45455E+00  0.13793E+00
     y           30    "EC_U1"  "EC_U1"  0.33856E+00  0.31348E-02  0.62696E-02  0.15674E-01  0.94044E-02  0.12539E-01  0.18809E-01  0.31348E-02  0.45455E+00  0.13793E+00
     y           30    "EC_U1"  "EC_U1"  0.33856E+00  0.31348E-02  0.62696E-02  0.15674E-01  0.94044E-02  0.12539E-01  0.18809E-01  0.31348E-02  0.45455E+00  0.13793E+00
     y           30    "EC_M4"  "EC_U1"  0.33856E+00  0.31348E-02  0.62696E-02  0.15674E-01  0.94044E-02  0.12539E-01  0.18809E-01  0.31348E-02  0.45455E+00  0.13793E+00
     y            2    "EC-m2"  "0"  0.41315E+00  0.98127E-06  0.77188E-01  0.71416E-01  0.86835E-01  0.92624E-01  0.18911E+00  0.30877E-01  0.23311E-01  0.15488E-01
     y           30    "EC_U1"  "EC_U1"  0.33856E+00  0.31348E-02  0.62696E-02  0.15674E-01  0.94044E-02  0.12539E-01  0.18809E-01  0.31348E-02  0.45455E+00  0.13793E+00
     y            2    "EC-m2"  "0"  0.41315E+00  0.98127E-06  0.77188E-01  0.71416E-01  0.86835E-01  0.92624E-01  0.18911E+00  0.30877E-01  0.23311E-01  0.15488E-01
     y            2    "EC_I"  "0"  0.41315E+00  0.98127E-06  0.77188E-01  0.71416E-01  0.86835E-01  0.92624E-01  0.18911E+00  0.30877E-01  0.23311E-01  0.15488E-01
     y           30    "EC_U1"  "EC_U1"  0.33856E+00  0.31348E-02  0.62696E-02  0.15674E-01  0.94044E-02  0.12539E-01  0.18809E-01  0.31348E-02  0.45455E+00  0.13793E+00
     n           31    "NA"  "0"  0.51057E+00  0.98127E-06  0.42555E-01  0.57895E-04  0.48082E-04  0.52007E-04  0.63874E-01  0.19625E-04  0.23398E+00  0.14885E+00
     y            2    "EC_U2"  "0"  0.41315E+00  0.98127E-06  0.77188E-01  0.71416E-01  0.86835E-01  0.92624E-01  0.18911E+00  0.30877E-01  0.23311E-01  0.15488E-01
     y            2    "EC_M4"  "0"  0.41315E+00  0.98127E-06  0.77188E-01  0.71416E-01  0.86835E-01  0.92624E-01  0.18911E+00  0.30877E-01  0.23311E-01  0.15488E-01
     y           30    "EC_U1"  "EC_U1"  0.33856E+00  0.31348E-02  0.62696E-02  0.15674E-01  0.94044E-02  0.12539E-01  0.18809E-01  0.31348E-02  0.45455E+00  0.13793E+00
     y           30    "EC_U2"  "EC_U1"  0.33856E+00  0.31348E-02  0.62696E-02  0.15674E-01  0.94044E-02  0.12539E-01  0.18809E-01  0.31348E-02  0.45455E+00  0.13793E+00
     y           30    "EC_U1"  "EC_U1"  0.33856E+00  0.31348E-02  0.62696E-02  0.15674E-01  0.94044E-02  0.12539E-01  0.18809E-01  0.31348E-02  0.45455E+00  0.13793E+00
     n            2    "NA"  "0"  0.41315E+00  0.98127E-06  0.77188E-01  0.71416E-01  0.86835E-01  0.92624E-01  0.18911E+00  0.30877E-01  0.23311E-01  0.15488E-01
     y           14    "EC_I"  "0"  0.46294E+00  0.98127E-06  0.18544E-01  0.31456E+00  0.18548E-01  0.18552E-01  0.37107E-01  0.55520E-01  0.55668E-01  0.18559E-01
     y            2    "0"  "0"  0.41315E+00  0.98127E-06  0.77188E-01  0.71416E-01  0.86835E-01  0.92624E-01  0.18911E+00  0.30877E-01  0.23311E-01  0.15488E-01
     y           30    "EC_U1"  "EC_U1"  0.33856E+00  0.31348E-02  0.62696E-02  0.15674E-01  0.94044E-02  0.12539E-01  0.18809E-01  0.31348E-02  0.45455E+00  0.13793E+00
     y           30    "0"  "EC_U1"  0.33856E+00  0.31348E-02  0.62696E-02  0.15674E-01  0.94044E-02  0.12539E-01  0.18809E-01  0.31348E-02  0.45455E+00  0.13793E+00
     y            2    "0"  "0"  0.41315E+00  0.98127E-06  0.77188E-01  0.71416E-01  0.86835E-01  0.92624E-01  0.18911E+00  0.30877E-01  0.23311E-01  0.15488E-01
     y           30    "EC_U2"  "EC_U1"  0.33856E+00  0.31348E-02  0.62696E-02  0.15674E-01  0.94044E-02  0.12539E-01  0.18809E-01  0.31348E-02  0.45455E+00  0.13793E+00
     y            2    "EC_I"  "0"  0.41315E+00  0.98127E-06  0.77188E-01  0.71416E-01  0.86835E-01  0.92624E-01  0.18911E+00  0.30877E-01  0.23311E-01  0.15488E-01
     n           31    "NA"  "0"  0.51057E+00  0.98127E-06  0.42555E-01  0.57895E-04  0.48082E-04  0.52007E-04  0.63874E-01  0.19625E-04  0.23398E+00  0.14885E+00
     y            2    "EC_M4"  "0"  0.41315E+00  0.98127E-06  0.77188E-01  0.71416E-01  0.86835E-01  0.92624E-01  0.18911E+00  0.30877E-01  0.23311E-01  0.15488E-01
     y           30    "EC_U1"  "EC_U1"  0.33856E+00  0.31348E-02  0.62696E-02  0.15674E-01  0.94044E-02  0.12539E-01  0.18809E-01  0.31348E-02  0.45455E+00  0.13793E+00
     y           30    "EC_U1"  "EC_U1"  0.33856E+00  0.31348E-02  0.62696E-02  0.15674E-01  0.94044E-02  0.12539E-01  0.18809E-01  0.31348E-02  0.45455E+00  0.13793E+00
     y           30    "0"  "EC_U1"  0.33856E+00  0.31348E-02  0.62696E-02  0.15674E-01  0.94044E-02  0.12539E-01  0.18809E-01  0.31348E-02  0.45455E+00  0.13793E+00
     y            2    "EC_I"  "0"  0.41315E+00  0.98127E-06  0.77188E-01  0.71416E-01  0.86835E-01  0.92624E-01  0.18911E+00  0.30877E-01  0.23311E-01  0.15488E-01
     y           30    "EC_U1"  "EC_U1"  0.33856E+00  0.31348E-02  0.62696E-02  0.15674E-01  0.94044E-02  0.12539E-01  0.18809E-01  0.31348E-02  0.45455E+00  0.13793E+00
     y           30    "EC_U2"  "EC_U1"  0.33856E+00  0.31348E-02  0.62696E-02  0.15674E-01  0.94044E-02  0.12539E-01  0.18809E-01  0.31348E-02  0.45455E+00  0.13793E+00
     y           30    "EC_M3"  "EC_U1"  0.33856E+00  0.31348E-02  0.62696E-02  0.15674E-01  0.94044E-02  0.12539E-01  0.18809E-01  0.31348E-02  0.45455E+00  0.13793E+00
     n           31    "NA"  "0"  0.51057E+00  0.98127E-06  0.42555E-01  0.57895E-04  0.48082E-04  0.52007E-04  0.63874E-01  0.19625E-04  0.23398E+00  0.14885E+00
     y           30    "EC_U1"  "EC_U1"  0.33856E+00  0.31348E-02  0.62696E-02  0.15674E-01  0.94044E-02  0.12539E-01  0.18809E-01  0.31348E-02  0.45455E+00  0.13793E+00
     y            2    "EC_M4"  "0"  0.41315E+00  0.98127E-06  0.77188E-01  0.71416E-01  0.86835E-01  0.92624E-01  0.18911E+00  0.30877E-01  0.23311E-01  0.15488E-01
     y           30    "EC_U1"  "EC_U1"  0.33856E+00  0.31348E-02  0.62696E-02  0.15674E-01  0.94044E-02  0.12539E-01  0.18809E-01  0.31348E-02  0.45455E+00  0.13793E+00
     y            2    "EC_M4"  "0"  0.41315E+00  0.98127E-06  0.77188E-01  0.71416E-01  0.86835E-01  0.92624E-01  0.18911E+00  0.30877E-01  0.23311E-01  0.15488E-01
     y           30    "EC_U1"  "EC_U1"  0.33856E+00  0.31348E-02  0.62696E-02  0.15674E-01  0.94044E-02  0.12539E-01  0.18809E-01  0.31348E-02  0.45455E+00  0.13793E+00
     y           30    "EC_U1"  "EC_U1"  0.33856E+00  0.31348E-02  0.62696E-02  0.15674E-01  0.94044E-02  0.12539E-01  0.18809E-01  0.31348E-02  0.45455E+00  0.13793E+00
     y           30    "EC_U1"  "EC_U1"  0.33856E+00  0.31348E-02  0.62696E-02  0.15674E-01  0.94044E-02  0.12539E-01  0.18809E-01  0.31348E-02  0.45455E+00  0.13793E+00
     y           30    "EC_U1"  "EC_U1"  0.33856E+00  0.31348E-02  0.62696E-02  0.15674E-01  0.94044E-02  0.12539E-01  0.18809E-01  0.31348E-02  0.45455E+00  0.13793E+00
     y            2    "EC-m2"  "0"  0.41315E+00  0.98127E-06  0.77188E-01  0.71416E-01  0.86835E-01  0.92624E-01  0.18911E+00  0.30877E-01  0.23311E-01  0.15488E-01
     y           30    "EC_U1"  "EC_U1"  0.33856E+00  0.31348E-02  0.62696E-02  0.15674E-01  0.94044E-02  0.12539E-01  0.18809E-01  0.31348E-02  0.45455E+00  0.13793E+00
     y            2    "EC_I"  "0"  0.41315E+00  0.98127E-06  0.77188E-01  0.71416E-01  0.86835E-01  0.92624E-01  0.18911E+00  0.30877E-01  0.23311E-01  0.15488E-01
     y            2    "EC_M4"  "0"  0.41315E+00  0.98127E-06  0.77188E-01  0.71416E-01  0.86835E-01  0.92624E-01  0.18911E+00  0.30877E-01  0.23311E-01  0.15488E-01
     n           31    "NA"  "0"  0.51057E+00  0.98127E-06  0.42555E-01  0.57895E-04  0.48082E-04  0.52007E-04  0.63874E-01  0.19625E-04  0.23398E+00  0.14885E+00
     y           30    "EC_M1"  "EC_U1"  0.33856E+00  0.31348E-02  0.62696E-02  0.15674E-01  0.94044E-02  0.12539E-01  0.18809E-01  0.31348E-02  0.45455E+00  0.13793E+00
     n           31    "NA"  "0"  0.51057E+00  0.98127E-06  0.42555E-01  0.57895E-04  0.48082E-04  0.52007E-04  0.63874E-01  0.19625E-04  0.23398E+00  0.14885E+00
     y            2    "EC_M1"  "0"  0.41315E+00  0.98127E-06  0.77188E-01  0.71416E-01  0.86835E-01  0.92624E-01  0.18911E+00  0.30877E-01  0.23311E-01  0.15488E-01
     y            2    "EC-m2"  "0"  0.41315E+00  0.98127E-06  0.77188E-01  0.71416E-01  0.86835E-01  0.92624E-01  0.18911E+00  0.30877E-01  0.23311E-01  0.15488E-01
     y            2    "EC_M1"  "0"  0.41315E+00  0.98127E-06  0.77188E-01  0.71416E-01  0.86835E-01  0.92624E-01  0.18911E+00  0.30877E-01  0.23311E-01  0.15488E-01
     y            2    "EC_M4"  "0"  0.41315E+00  0.98127E-06  0.77188E-01  0.71416E-01  0.86835E-01  0.92624E-01  0.18911E+00  0.30877E-01  0.23311E-01  0.15488E-01
     y           30    "EC_U1"  "EC_U1"  0.33856E+00  0.31348E-02  0.62696E-02  0.15674E-01  0.94044E-02  0.12539E-01  0.18809E-01  0.31348E-02  0.45455E+00  0.13793E+00
     y           30    "EC_U1"  "EC_U1"  0.33856E+00  0.31348E-02  0.62696E-02  0.15674E-01  0.94044E-02  0.12539E-01  0.18809E-01  0.31348E-02  0.45455E+00  0.13793E+00
     n           31    "NA"  "0"  0.51057E+00  0.98127E-06  0.42555E-01  0.57895E-04  0.48082E-04  0.52007E-04  0.63874E-01  0.19625E-04  0.23398E+00  0.14885E+00
     y           30    "EC_U1"  "EC_U1"  0.33856E+00  0.31348E-02  0.62696E-02  0.15674E-01  0.94044E-02  0.12539E-01  0.18809E-01  0.31348E-02  0.45455E+00  0.13793E+00
     n           31    "NA"  "0"  0.51057E+00  0.98127E-06  0.42555E-01  0.57895E-04  0.48082E-04  0.52007E-04  0.63874E-01  0.19625E-04  0.23398E+00  0.14885E+00
     y           30    "EC_I"  "EC_U1"  0.33856E+00  0.31348E-02  0.62696E-02  0.15674E-01  0.94044E-02  0.12539E-01  0.18809E-01  0.31348E-02  0.45455E+00  0.13793E+00
     y           30    "EC_M4"  "EC_U1"  0.33856E+00  0.31348E-02  0.62696E-02  0.15674E-01  0.94044E-02  0.12539E-01  0.18809E-01  0.31348E-02  0.45455E+00  0.13793E+00
     n            2    "NA"  "0"  0.41315E+00  0.98127E-06  0.77188E-01  0.71416E-01  0.86835E-01  0.92624E-01  0.18911E+00  0.30877E-01  0.23311E-01  0.15488E-01
     y           30    "EC_M4"  "EC_U1"  0.33856E+00  0.31348E-02  0.62696E-02  0.15674E-01  0.94044E-02  0.12539E-01  0.18809E-01  0.31348E-02  0.45455E+00  0.13793E+00
     y            2    "0"  "0"  0.41315E+00  0.98127E-06  0.77188E-01  0.71416E-01  0.86835E-01  0.92624E-01  0.18911E+00  0.30877E-01  0.23311E-01  0.15488E-01
     y           30    "EC_U1"  "EC_U1"  0.33856E+00  0.31348E-02  0.62696E-02  0.15674E-01  0.94044E-02  0.12539E-01  0.18809E-01  0.31348E-02  0.45455E+00  0.13793E+00
     y           30    "EC_U1"  "EC_U1"  0.33856E+00  0.31348E-02  0.62696E-02  0.15674E-01  0.94044E-02  0.12539E-01  0.18809E-01  0.31348E-02  0.45455E+00  0.13793E+00
     y           14    "EC_I"  "0"  0.46294E+00  0.98127E-06  0.18544E-01  0.31456E+00  0.18548E-01  0.18552E-01  0.37107E-01  0.55520E-01  0.55668E-01  0.18559E-01
     y           30    "EC_U1"  "EC_U1"  0.33856E+00  0.31348E-02  0.62696E-02  0.15674E-01  0.94044E-02  0.12539E-01  0.18809E-01  0.31348E-02  0.45455E+00  0.13793E+00
     y            2    "EC-m2"  "0"  0.41315E+00  0.98127E-06  0.77188E-01  0.71416E-01  0.86835E-01  0.92624E-01  0.18911E+00  0.30877E-01  0.23311E-01  0.15488E-01
     y           30    "EC_U2"  "EC_U1"  0.33856E+00  0.31348E-02  0.62696E-02  0.15674E-01  0.94044E-02  0.12539E-01  0.18809E-01  0.31348E-02  0.45455E+00  0.13793E+00
     n           31    "NA"  "0"  0.51057E+00  0.98127E-06  0.42555E-01  0.57895E-04  0.48082E-04  0.52007E-04  0.63874E-01  0.19625E-04  0.23398E+00  0.14885E+00
     y           30    "EC_U1"  "EC_U1"  0.33856E+00  0.31348E-02  0.62696E-02  0.15674E-01  0.94044E-02  0.12539E-01  0.18809E-01  0.31348E-02  0.45455E+00  0.13793E+00
     n           31    "NA"  "0"  0.51057E+00  0.98127E-06  0.42555E-01  0.57895E-04  0.48082E-04  0.52007E-04  0.63874E-01  0.19625E-04  0.23398E+00  0.14885E+00
     y           30    "EC_U1"  "EC_U1"  0.33856E+00  0.31348E-02  0.62696E-02  0.15674E-01  0.94044E-02  0.12539E-01  0.18809E-01  0.31348E-02  0.45455E+00  0.13793E+00
     y            2    "EC-m2"  "0"  0.41315E+00  0.98127E-06  0.77188E-01  0.71416E-01  0.86835E-01  0.92624E-01  0.18911E+00  0.30877E-01  0.23311E-01  0.15488E-01
     y            2    "EC_I"  "0"  0.41315E+00  0.98127E-06  0.77188E-01  0.71416E-01  0.86835E-01  0.92624E-01  0.18911E+00  0.30877E-01  0.23311E-01  0.15488E-01
     y           31    "EC_M4"  "0"  0.51057E+00  0.98127E-06  0.42555E-01  0.57895E-04  0.48082E-04  0.52007E-04  0.63874E-01  0.19625E-04  0.23398E+00  0.14885E+00
     y            2    "EC_M4"  "0"  0.41315E+00  0.98127E-06  0.77188E-01  0.71416E-01  0.86835E-01  0.92624E-01  0.18911E+00  0.30877E-01  0.23311E-01  0.15488E-01
     y           30    "EC_U1"  "EC_U1"  0.33856E+00  0.31348E-02  0.62696E-02  0.15674E-01  0.94044E-02  0.12539E-01  0.18809E-01  0.31348E-02  0.45455E+00  0.13793E+00
     y           30    "EC_U1"  "EC_U1"  0.33856E+00  0.31348E-02  0.62696E-02  0.15674E-01  0.94044E-02  0.12539E-01  0.18809E-01  0.31348E-02  0.45455E+00  0.13793E+00
     y           31    "EC_U2"  "0"  0.51057E+00  0.98127E-06  0.42555E-01  0.57895E-04  0.48082E-04  0.52007E-04  0.63874E-01  0.19625E-04  0.23398E+00  0.14885E+00
     y           30    "EC_U1"  "EC_U1"  0.33856E+00  0.31348E-02  0.62696E-02  0.15674E-01  0.94044E-02  0.12539E-01  0.18809E-01  0.31348E-02  0.45455E+00  0.13793E+00
     y            2    "EC_I"  "0"  0.41315E+00  0.98127E-06  0.77188E-01  0.71416E-01  0.86835E-01  0.92624E-01  0.18911E+00  0.30877E-01  0.23311E-01  0.15488E-01
     y           30    "EC_U2"  "EC_U1"  0.33856E+00  0.31348E-02  0.62696E-02  0.15674E-01  0.94044E-02  0.12539E-01  0.18809E-01  0.31348E-02  0.45455E+00  0.13793E+00
     y           30    "EC_U2"  "EC_U1"  0.33856E+00  0.31348E-02  0.62696E-02  0.15674E-01  0.94044E-02  0.12539E-01  0.18809E-01  0.31348E-02  0.45455E+00  0.13793E+00
     y            2    "EC_I"  "0"  0.41315E+00  0.98127E-06  0.77188E-01  0.71416E-01  0.86835E-01  0.92624E-01  0.18911E+00  0.30877E-01  0.23311E-01  0.15488E-01
     y           30    "EC_U1"  "EC_U1"  0.33856E+00  0.31348E-02  0.62696E-02  0.15674E-01  0.94044E-02  0.12539E-01  0.18809E-01  0.31348E-02  0.45455E+00  0.13793E+00
     y            2    "0"  "0"  0.41315E+00  0.98127E-06  0.77188E-01  0.71416E-01  0.86835E-01  0.92624E-01  0.18911E+00  0.30877E-01  0.23311E-01  0.15488E-01
     y            2    "0"  "0"  0.41315E+00  0.98127E-06  0.77188E-01  0.71416E-01  0.86835E-01  0.92624E-01  0.18911E+00  0.30877E-01  0.23311E-01  0.15488E-01
     n           31    "NA"  "0"  0.51057E+00  0.98127E-06  0.42555E-01  0.57895E-04  0.48082E-04  0.52007E-04  0.63874E-01  0.19625E-04  0.23398E+00  0.14885E+00
     y            2    "EC_M4"  "0"  0.41315E+00  0.98127E-06  0.77188E-01  0.71416E-01  0.86835E-01  0.92624E-01  0.18911E+00  0.30877E-01  0.23311E-01  0.15488E-01
     n           31    "NA"  "0"  0.51057E+00  0.98127E-06  0.42555E-01  0.57895E-04  0.48082E-04  0.52007E-04  0.63874E-01  0.19625E-04  0.23398E+00  0.14885E+00
     y           30    "EC_U1"  "EC_U1"  0.33856E+00  0.31348E-02  0.62696E-02  0.15674E-01  0.94044E-02  0.12539E-01  0.18809E-01  0.31348E-02  0.45455E+00  0.13793E+00
     y           30    "EC_U2"  "EC_U1"  0.33856E+00  0.31348E-02  0.62696E-02  0.15674E-01  0.94044E-02  0.12539E-01  0.18809E-01  0.31348E-02  0.45455E+00  0.13793E+00
     y           30    "EC_U1"  "EC_U1"  0.33856E+00  0.31348E-02  0.62696E-02  0.15674E-01  0.94044E-02  0.12539E-01  0.18809E-01  0.31348E-02  0.45455E+00  0.13793E+00
     y           30    "EC_U1"  "EC_U1"  0.33856E+00  0.31348E-02  0.62696E-02  0.15674E-01  0.94044E-02  0.12539E-01  0.18809E-01  0.31348E-02  0.45455E+00  0.13793E+00
     y           14    "EC_I"  "0"  0.46294E+00  0.98127E-06  0.18544E-01  0.31456E+00  0.18548E-01  0.18552E-01  0.37107E-01  0.55520E-01  0.55668E-01  0.18559E-01
     n           31    "NA"  "0"  0.51057E+00  0.98127E-06  0.42555E-01  0.57895E-04  0.48082E-04  0.52007E-04  0.63874E-01  0.19625E-04  0.23398E+00  0.14885E+00
     n           31    "NA"  "0"  0.51057E+00  0.98127E-06  0.42555E-01  0.57895E-04  0.48082E-04  0.52007E-04  0.63874E-01  0.19625E-04  0.23398E+00  0.14885E+00
     y           30    "EC_U1"  "EC_U1"  0.33856E+00  0.31348E-02  0.62696E-02  0.15674E-01  0.94044E-02  0.12539E-01  0.18809E-01  0.31348E-02  0.45455E+00  0.13793E+00
     y            2    "EC_I"  "0"  0.41315E+00  0.98127E-06  0.77188E-01  0.71416E-01  0.86835E-01  0.92624E-01  0.18911E+00  0.30877E-01  0.23311E-01  0.15488E-01
     y           30    "EC_U2"  "EC_U1"  0.33856E+00  0.31348E-02  0.62696E-02  0.15674E-01  0.94044E-02  0.12539E-01  0.18809E-01  0.31348E-02  0.45455E+00  0.13793E+00
     y           30    "EC_U1"  "EC_U1"  0.33856E+00  0.31348E-02  0.62696E-02  0.15674E-01  0.94044E-02  0.12539E-01  0.18809E-01  0.31348E-02  0.45455E+00  0.13793E+00
     y            2    "EC-m2"  "0"  0.41315E+00  0.98127E-06  0.77188E-01  0.71416E-01  0.86835E-01  0.92624E-01  0.18911E+00  0.30877E-01  0.23311E-01  0.15488E-01
     y           30    "EC_U1"  "EC_U1"  0.33856E+00  0.31348E-02  0.62696E-02  0.15674E-01  0.94044E-02  0.12539E-01  0.18809E-01  0.31348E-02  0.45455E+00  0.13793E+00
     y            2    "EC_M4"  "0"  0.41315E+00  0.98127E-06  0.77188E-01  0.71416E-01  0.86835E-01  0.92624E-01  0.18911E+00  0.30877E-01  0.23311E-01  0.15488E-01
     y           30    "EC_U1"  "EC_U1"  0.33856E+00  0.31348E-02  0.62696E-02  0.15674E-01  0.94044E-02  0.12539E-01  0.18809E-01  0.31348E-02  0.45455E+00  0.13793E+00
     y            2    "EC_M1"  "0"  0.41315E+00  0.98127E-06  0.77188E-01  0.71416E-01  0.86835E-01  0.92624E-01  0.18911E+00  0.30877E-01  0.23311E-01  0.15488E-01
     y           14    "EC_I"  "0"  0.46294E+00  0.98127E-06  0.18544E-01  0.31456E+00  0.18548E-01  0.18552E-01  0.37107E-01  0.55520E-01  0.55668E-01  0.18559E-01
     y           30    "EC_U1"  "EC_U1"  0.33856E+00  0.31348E-02  0.62696E-02  0.15674E-01  0.94044E-02  0.12539E-01  0.18809E-01  0.31348E-02  0.45455E+00  0.13793E+00
     y            2    "EC_M1"  "0"  0.41315E+00  0.98127E-06  0.77188E-01  0.71416E-01  0.86835E-01  0.92624E-01  0.18911E+00  0.30877E-01  0.23311E-01  0.15488E-01
     y            2    "EC_M4"  "0"  0.41315E+00  0.98127E-06  0.77188E-01  0.71416E-01  0.86835E-01  0.92624E-01  0.18911E+00  0.30877E-01  0.23311E-01  0.15488E-01
     n            2    "NA"  "0"  0.41315E+00  0.98127E-06  0.77188E-01  0.71416E-01  0.86835E-01  0.92624E-01  0.18911E+00  0.30877E-01  0.23311E-01  0.15488E-01
     y            2    "EC_I"  "0"  0.41315E+00  0.98127E-06  0.77188E-01  0.71416E-01  0.86835E-01  0.92624E-01  0.18911E+00  0.30877E-01  0.23311E-01  0.15488E-01
     y            2    "EC_I"  "0"  0.41315E+00  0.98127E-06  0.77188E-01  0.71416E-01  0.86835E-01  0.92624E-01  0.18911E+00  0.30877E-01  0.23311E-01  0.15488E-01
     y           30    "EC_U1"  "EC_U1"  0.33856E+00  0.31348E-02  0.62696E-02  0.15674E-01  0.94044E-02  0.12539E-01  0.18809E-01  0.31348E-02  0.45455E+00  0.13793E+00
     y            2    "EC_I"  "0"  0.41315E+00  0.98127E-06  0.77188E-01  0.71416E-01  0.86835E-01  0.92624E-01  0.18911E+00  0.30877E-01  0.23311E-01  0.15488E-01
     y           30    "EC_M1"  "EC_U1"  0.33856E+00  0.31348E-02  0.62696E-02  0.15674E-01  0.94044E-02  0.12539E-01  0.18809E-01  0.31348E-02  0.45455E+00  0.13793E+00
     y           30    "EC_U1"  "EC_U1"  0.33856E+00  0.31348E-02  0.62696E-02  0.15674E-01  0.94044E-02  0.12539E-01  0.18809E-01  0.31348E-02  0.45455E+00  0.13793E+00
     n            2    "NA"  "0"  0.41315E+00  0.98127E-06  0.77188E-01  0.71416E-01  0.86835E-01  0.92624E-01  0.18911E+00  0.30877E-01  0.23311E-01  0.15488E-01
     y            2    "EC_M4"  "0"  0.41315E+00  0.98127E-06  0.77188E-01  0.71416E-01  0.86835E-01  0.92624E-01  0.18911E+00  0.30877E-01  0.23311E-01  0.15488E-01
     y            2    "EC_M1"  "0"  0.41315E+00  0.98127E-06  0.77188E-01  0.71416E-01  0.86835E-01  0.92624E-01  0.18911E+00  0.30877E-01  0.23311E-01  0.15488E-01
     y           30    "EC_U1"  "EC_U1"  0.33856E+00  0.31348E-02  0.62696E-02  0.15674E-01  0.94044E-02  0.12539E-01  0.18809E-01  0.31348E-02  0.45455E+00  0.13793E+00
     y           30    "EC_M3"  "EC_U1"  0.33856E+00  0.31348E-02  0.62696E-02  0.15674E-01  0.94044E-02  0.12539E-01  0.18809E-01  0.31348E-02  0.45455E+00  0.13793E+00
     y            2    "EC_M4"  "0"  0.41315E+00  0.98127E-06  0.77188E-01  0.71416E-01  0.86835E-01  0.92624E-01  0.18911E+00  0.30877E-01  0.23311E-01  0.15488E-01
     y           30    "EC_U1"  "EC_U1"  0.33856E+00  0.31348E-02  0.62696E-02  0.15674E-01  0.94044E-02  0.12539E-01  0.18809E-01  0.31348E-02  0.45455E+00  0.13793E+00
     y            2    "EC-m2"  "0"  0.41315E+00  0.98127E-06  0.77188E-01  0.71416E-01  0.86835E-01  0.92624E-01  0.18911E+00  0.30877E-01  0.23311E-01  0.15488E-01
     y           14    "EC_O"  "0"  0.46294E+00  0.98127E-06  0.18544E-01  0.31456E+00  0.18548E-01  0.18552E-01  0.37107E-01  0.55520E-01  0.55668E-01  0.18559E-01
     y           30    "EC_M1"  "EC_U1"  0.33856E+00  0.31348E-02  0.62696E-02  0.15674E-01  0.94044E-02  0.12539E-01  0.18809E-01  0.31348E-02  0.45455E+00  0.13793E+00
     n            2    "NA"  "0"  0.41315E+00  0.98127E-06  0.77188E-01  0.71416E-01  0.86835E-01  0.92624E-01  0.18911E+00  0.30877E-01  0.23311E-01  0.15488E-01
     y            2    "EC_M3"  "0"  0.41315E+00  0.98127E-06  0.77188E-01  0.71416E-01  0.86835E-01  0.92624E-01  0.18911E+00  0.30877E-01  0.23311E-01  0.15488E-01
     y            2    "0"  "0"  0.41315E+00  0.98127E-06  0.77188E-01  0.71416E-01  0.86835E-01  0.92624E-01  0.18911E+00  0.30877E-01  0.23311E-01  0.15488E-01
     n           31    "NA"  "0"  0.51057E+00  0.98127E-06  0.42555E-01  0.57895E-04  0.48082E-04  0.52007E-04  0.63874E-01  0.19625E-04  0.23398E+00  0.14885E+00
     y           30    "0"  "EC_U1"  0.33856E+00  0.31348E-02  0.62696E-02  0.15674E-01  0.94044E-02  0.12539E-01  0.18809E-01  0.31348E-02  0.45455E+00  0.13793E+00
     y            2    "EC_I"  "0"  0.41315E+00  0.98127E-06  0.77188E-01  0.71416E-01  0.86835E-01  0.92624E-01  0.18911E+00  0.30877E-01  0.23311E-01  0.15488E-01
     y           14    "EC_M4"  "0"  0.46294E+00  0.98127E-06  0.18544E-01  0.31456E+00  0.18548E-01  0.18552E-01  0.37107E-01  0.55520E-01  0.55668E-01  0.18559E-01
     y           30    "0"  "EC_U1"  0.33856E+00  0.31348E-02  0.62696E-02  0.15674E-01  0.94044E-02  0.12539E-01  0.18809E-01  0.31348E-02  0.45455E+00  0.13793E+00
     y            2    "0"  "0"  0.41315E+00  0.98127E-06  0.77188E-01  0.71416E-01  0.86835E-01  0.92624E-01  0.18911E+00  0.30877E-01  0.23311E-01  0.15488E-01
     y           14    "0"  "0"  0.46294E+00  0.98127E-06  0.18544E-01  0.31456E+00  0.18548E-01  0.18552E-01  0.37107E-01  0.55520E-01  0.55668E-01  0.18559E-01
     y           30    "0"  "EC_U1"  0.33856E+00  0.31348E-02  0.62696E-02  0.15674E-01  0.94044E-02  0.12539E-01  0.18809E-01  0.31348E-02  0.45455E+00  0.13793E+00
     y            2    "0"  "0"  0.41315E+00  0.98127E-06  0.77188E-01  0.71416E-01  0.86835E-01  0.92624E-01  0.18911E+00  0.30877E-01  0.23311E-01  0.15488E-01
     y           30    "0"  "EC_U1"  0.33856E+00  0.31348E-02  0.62696E-02  0.15674E-01  0.94044E-02  0.12539E-01  0.18809E-01  0.31348E-02  0.45455E+00  0.13793E+00
     y           30    "0"  "EC_U1"  0.33856E+00  0.31348E-02  0.62696E-02  0.15674E-01  0.94044E-02  0.12539E-01  0.18809E-01  0.31348E-02  0.45455E+00  0.13793E+00
     y           31    "0"  "0"  0.51057E+00  0.98127E-06  0.42555E-01  0.57895E-04  0.48082E-04  0.52007E-04  0.63874E-01  0.19625E-04  0.23398E+00  0.14885E+00
     y            2    "0"  "0"  0.41315E+00  0.98127E-06  0.77188E-01  0.71416E-01  0.86835E-01  0.92624E-01  0.18911E+00  0.30877E-01  0.23311E-01  0.15488E-01
     y           14    "0"  "0"  0.46294E+00  0.98127E-06  0.18544E-01  0.31456E+00  0.18548E-01  0.18552E-01  0.37107E-01  0.55520E-01  0.55668E-01  0.18559E-01
     y            2    "0"  "0"  0.41315E+00  0.98127E-06  0.77188E-01  0.71416E-01  0.86835E-01  0.92624E-01  0.18911E+00  0.30877E-01  0.23311E-01  0.15488E-01
     y            2    "0"  "0"  0.41315E+00  0.98127E-06  0.77188E-01  0.71416E-01  0.86835E-01  0.92624E-01  0.18911E+00  0.30877E-01  0.23311E-01  0.15488E-01
     y            2    "0"  "0"  0.41315E+00  0.98127E-06  0.77188E-01  0.71416E-01  0.86835E-01  0.92624E-01  0.18911E+00  0.30877E-01  0.23311E-01  0.15488E-01
     y            2    "0"  "0"  0.41315E+00  0.98127E-06  0.77188E-01  0.71416E-01  0.86835E-01  0.92624E-01  0.18911E+00  0.30877E-01  0.23311E-01  0.15488E-01
     y            2    "0"  "0"  0.41315E+00  0.98127E-06  0.77188E-01  0.71416E-01  0.86835E-01  0.92624E-01  0.18911E+00  0.30877E-01  0.23311E-01  0.15488E-01
     y            2    "0"  "0"  0.41315E+00  0.98127E-06  0.77188E-01  0.71416E-01  0.86835E-01  0.92624E-01  0.18911E+00  0.30877E-01  0.23311E-01  0.15488E-01
     y            2    "0"  "0"  0.41315E+00  0.98127E-06  0.77188E-01  0.71416E-01  0.86835E-01  0.92624E-01  0.18911E+00  0.30877E-01  0.23311E-01  0.15488E-01
     y            2    "0"  "0"  0.41315E+00  0.98127E-06  0.77188E-01  0.71416E-01  0.86835E-01  0.92624E-01  0.18911E+00  0.30877E-01  0.23311E-01  0.15488E-01
     y           30    "0"  "EC_U1"  0.33856E+00  0.31348E-02  0.62696E-02  0.15674E-01  0.94044E-02  0.12539E-01  0.18809E-01  0.31348E-02  0.45455E+00  0.13793E+00
     y           30    "0"  "EC_U1"  0.33856E+00  0.31348E-02  0.62696E-02  0.15674E-01  0.94044E-02  0.12539E-01  0.18809E-01  0.31348E-02  0.45455E+00  0.13793E+00
     y           31    "0"  "0"  0.51057E+00  0.98127E-06  0.42555E-01  0.57895E-04  0.48082E-04  0.52007E-04  0.63874E-01  0.19625E-04  0.23398E+00  0.14885E+00
     y            2    "0"  "0"  0.41315E+00  0.98127E-06  0.77188E-01  0.71416E-01  0.86835E-01  0.92624E-01  0.18911E+00  0.30877E-01  0.23311E-01  0.15488E-01
     y           30    "0"  "EC_U1"  0.33856E+00  0.31348E-02  0.62696E-02  0.15674E-01  0.94044E-02  0.12539E-01  0.18809E-01  0.31348E-02  0.45455E+00  0.13793E+00
     y            2    "EC_M4"  "0"  0.41315E+00  0.98127E-06  0.77188E-01  0.71416E-01  0.86835E-01  0.92624E-01  0.18911E+00  0.30877E-01  0.23311E-01  0.15488E-01
     y            2    "0"  "0"  0.41315E+00  0.98127E-06  0.77188E-01  0.71416E-01  0.86835E-01  0.92624E-01  0.18911E+00  0.30877E-01  0.23311E-01  0.15488E-01
     y           30    "0"  "EC_U1"  0.33856E+00  0.31348E-02  0.62696E-02  0.15674E-01  0.94044E-02  0.12539E-01  0.18809E-01  0.31348E-02  0.45455E+00  0.13793E+00
     y            2    "0"  "0"  0.41315E+00  0.98127E-06  0.77188E-01  0.71416E-01  0.86835E-01  0.92624E-01  0.18911E+00  0.30877E-01  0.23311E-01  0.15488E-01
     y            2    "0"  "0"  0.41315E+00  0.98127E-06  0.77188E-01  0.71416E-01  0.86835E-01  0.92624E-01  0.18911E+00  0.30877E-01  0.23311E-01  0.15488E-01
     y           31    "0"  "0"  0.51057E+00  0.98127E-06  0.42555E-01  0.57895E-04  0.48082E-04  0.52007E-04  0.63874E-01  0.19625E-04  0.23398E+00  0.14885E+00
     y           14    "0"  "0"  0.46294E+00  0.98127E-06  0.18544E-01  0.31456E+00  0.18548E-01  0.18552E-01  0.37107E-01  0.55520E-01  0.55668E-01  0.18559E-01
     y           30    "0"  "EC_U1"  0.33856E+00  0.31348E-02  0.62696E-02  0.15674E-01  0.94044E-02  0.12539E-01  0.18809E-01  0.31348E-02  0.45455E+00  0.13793E+00
     y            2    "0"  "0"  0.41315E+00  0.98127E-06  0.77188E-01  0.71416E-01  0.86835E-01  0.92624E-01  0.18911E+00  0.30877E-01  0.23311E-01  0.15488E-01
     y           30    "0"  "EC_U1"  0.33856E+00  0.31348E-02  0.62696E-02  0.15674E-01  0.94044E-02  0.12539E-01  0.18809E-01  0.31348E-02  0.45455E+00  0.13793E+00
     y           30    "0"  "EC_U1"  0.33856E+00  0.31348E-02  0.62696E-02  0.15674E-01  0.94044E-02  0.12539E-01  0.18809E-01  0.31348E-02  0.45455E+00  0.13793E+00
     y           31    "0"  "0"  0.51057E+00  0.98127E-06  0.42555E-01  0.57895E-04  0.48082E-04  0.52007E-04  0.63874E-01  0.19625E-04  0.23398E+00  0.14885E+00
     y           30    "0"  "EC_U1"  0.33856E+00  0.31348E-02  0.62696E-02  0.15674E-01  0.94044E-02  0.12539E-01  0.18809E-01  0.31348E-02  0.45455E+00  0.13793E+00
     y            2    "0"  "0"  0.41315E+00  0.98127E-06  0.77188E-01  0.71416E-01  0.86835E-01  0.92624E-01  0.18911E+00  0.30877E-01  0.23311E-01  0.15488E-01
     y           14    "0"  "0"  0.46294E+00  0.98127E-06  0.18544E-01  0.31456E+00  0.18548E-01  0.18552E-01  0.37107E-01  0.55520E-01  0.55668E-01  0.18559E-01
     y           30    "0"  "EC_U1"  0.33856E+00  0.31348E-02  0.62696E-02  0.15674E-01  0.94044E-02  0.12539E-01  0.18809E-01  0.31348E-02  0.45455E+00  0.13793E+00
     y            2    "0"  "0"  0.41315E+00  0.98127E-06  0.77188E-01  0.71416E-01  0.86835E-01  0.92624E-01  0.18911E+00  0.30877E-01  0.23311E-01  0.15488E-01
     y           30    "0"  "EC_U1"  0.33856E+00  0.31348E-02  0.62696E-02  0.15674E-01  0.94044E-02  0.12539E-01  0.18809E-01  0.31348E-02  0.45455E+00  0.13793E+00
     y            2    "0"  "0"  0.41315E+00  0.98127E-06  0.77188E-01  0.71416E-01  0.86835E-01  0.92624E-01  0.18911E+00  0.30877E-01  0.23311E-01  0.15488E-01
     y           30    "0"  "EC_U1"  0.33856E+00  0.31348E-02  0.62696E-02  0.15674E-01  0.94044E-02  0.12539E-01  0.18809E-01  0.31348E-02  0.45455E+00  0.13793E+00
     y            2    "0"  "0"  0.41315E+00  0.98127E-06  0.77188E-01  0.71416E-01  0.86835E-01  0.92624E-01  0.18911E+00  0.30877E-01  0.23311E-01  0.15488E-01
     y           30    "0"  "EC_U1"  0.33856E+00  0.31348E-02  0.62696E-02  0.15674E-01  0.94044E-02  0.12539E-01  0.18809E-01  0.31348E-02  0.45455E+00  0.13793E+00
     n            2    "NA"  "0"  0.41315E+00  0.98127E-06  0.77188E-01  0.71416E-01  0.86835E-01  0.92624E-01  0.18911E+00  0.30877E-01  0.23311E-01  0.15488E-01
     n           31    "NA"  "0"  0.51057E+00  0.98127E-06  0.42555E-01  0.57895E-04  0.48082E-04  0.52007E-04  0.63874E-01  0.19625E-04  0.23398E+00  0.14885E+00
     y            2    "0"  "0"  0.41315E+00  0.98127E-06  0.77188E-01  0.71416E-01  0.86835E-01  0.92624E-01  0.18911E+00  0.30877E-01  0.23311E-01  0.15488E-01
     y           30    "0"  "EC_U1"  0.33856E+00  0.31348E-02  0.62696E-02  0.15674E-01  0.94044E-02  0.12539E-01  0.18809E-01  0.31348E-02  0.45455E+00  0.13793E+00
     y           30    "0"  "EC_U1"  0.33856E+00  0.31348E-02  0.62696E-02  0.15674E-01  0.94044E-02  0.12539E-01  0.18809E-01  0.31348E-02  0.45455E+00  0.13793E+00
     y           30    "EC_U1"  "EC_U1"  0.33856E+00  0.31348E-02  0.62696E-02  0.15674E-01  0.94044E-02  0.12539E-01  0.18809E-01  0.31348E-02  0.45455E+00  0.13793E+00
     y           14    "0"  "0"  0.46294E+00  0.98127E-06  0.18544E-01  0.31456E+00  0.18548E-01  0.18552E-01  0.37107E-01  0.55520E-01  0.55668E-01  0.18559E-01
     y           30    "0"  "EC_U1"  0.33856E+00  0.31348E-02  0.62696E-02  0.15674E-01  0.94044E-02  0.12539E-01  0.18809E-01  0.31348E-02  0.45455E+00  0.13793E+00
     y           14    "0"  "0"  0.46294E+00  0.98127E-06  0.18544E-01  0.31456E+00  0.18548E-01  0.18552E-01  0.37107E-01  0.55520E-01  0.55668E-01  0.18559E-01
     y           31    "EC_U2"  "0"  0.51057E+00  0.98127E-06  0.42555E-01  0.57895E-04  0.48082E-04  0.52007E-04  0.63874E-01  0.19625E-04  0.23398E+00  0.14885E+00
     y           30    "0"  "EC_U1"  0.33856E+00  0.31348E-02  0.62696E-02  0.15674E-01  0.94044E-02  0.12539E-01  0.18809E-01  0.31348E-02  0.45455E+00  0.13793E+00
     y           30    "0"  "EC_U1"  0.33856E+00  0.31348E-02  0.62696E-02  0.15674E-01  0.94044E-02  0.12539E-01  0.18809E-01  0.31348E-02  0.45455E+00  0.13793E+00
     y            2    "EC_M4"  "0"  0.41315E+00  0.98127E-06  0.77188E-01  0.71416E-01  0.86835E-01  0.92624E-01  0.18911E+00  0.30877E-01  0.23311E-01  0.15488E-01
     y           30    "0"  "EC_U1"  0.33856E+00  0.31348E-02  0.62696E-02  0.15674E-01  0.94044E-02  0.12539E-01  0.18809E-01  0.31348E-02  0.45455E+00  0.13793E+00
     y            2    "0"  "0"  0.41315E+00  0.98127E-06  0.77188E-01  0.71416E-01  0.86835E-01  0.92624E-01  0.18911E+00  0.30877E-01  0.23311E-01  0.15488E-01
     y           30    "0"  "EC_U1"  0.33856E+00  0.31348E-02  0.62696E-02  0.15674E-01  0.94044E-02  0.12539E-01  0.18809E-01  0.31348E-02  0.45455E+00  0.13793E+00
     y           30    "0"  "EC_U1"  0.33856E+00  0.31348E-02  0.62696E-02  0.15674E-01  0.94044E-02  0.12539E-01  0.18809E-01  0.31348E-02  0.45455E+00  0.13793E+00
     y            2    "0"  "0"  0.41315E+00  0.98127E-06  0.77188E-01  0.71416E-01  0.86835E-01  0.92624E-01  0.18911E+00  0.30877E-01  0.23311E-01  0.15488E-01
     y           30    "0"  "EC_U1"  0.33856E+00  0.31348E-02  0.62696E-02  0.15674E-01  0.94044E-02  0.12539E-01  0.18809E-01  0.31348E-02  0.45455E+00  0.13793E+00
     y           30    "0"  "EC_U1"  0.33856E+00  0.31348E-02  0.62696E-02  0.15674E-01  0.94044E-02  0.12539E-01  0.18809E-01  0.31348E-02  0.45455E+00  0.13793E+00
     y           30    "0"  "EC_U1"  0.33856E+00  0.31348E-02  0.62696E-02  0.15674E-01  0.94044E-02  0.12539E-01  0.18809E-01  0.31348E-02  0.45455E+00  0.13793E+00
     y           31    "0"  "0"  0.51057E+00  0.98127E-06  0.42555E-01  0.57895E-04  0.48082E-04  0.52007E-04  0.63874E-01  0.19625E-04  0.23398E+00  0.14885E+00
     y           14    "0"  "0"  0.46294E+00  0.98127E-06  0.18544E-01  0.31456E+00  0.18548E-01  0.18552E-01  0.37107E-01  0.55520E-01  0.55668E-01  0.18559E-01
     y           30    "0"  "EC_U1"  0.33856E+00  0.31348E-02  0.62696E-02  0.15674E-01  0.94044E-02  0.12539E-01  0.18809E-01  0.31348E-02  0.45455E+00  0.13793E+00
     y           31    "0"  "0"  0.51057E+00  0.98127E-06  0.42555E-01  0.57895E-04  0.48082E-04  0.52007E-04  0.63874E-01  0.19625E-04  0.23398E+00  0.14885E+00
     y            2    "0"  "0"  0.41315E+00  0.98127E-06  0.77188E-01  0.71416E-01  0.86835E-01  0.92624E-01  0.18911E+00  0.30877E-01  0.23311E-01  0.15488E-01
     y            2    "0"  "0"  0.41315E+00  0.98127E-06  0.77188E-01  0.71416E-01  0.86835E-01  0.92624E-01  0.18911E+00  0.30877E-01  0.23311E-01  0.15488E-01
     n           31    "NA"  "0"  0.51057E+00  0.98127E-06  0.42555E-01  0.57895E-04  0.48082E-04  0.52007E-04  0.63874E-01  0.19625E-04  0.23398E+00  0.14885E+00
     y            2    "0"  "0"  0.41315E+00  0.98127E-06  0.77188E-01  0.71416E-01  0.86835E-01  0.92624E-01  0.18911E+00  0.30877E-01  0.23311E-01  0.15488E-01
     y           30    "0"  "EC_U1"  0.33856E+00  0.31348E-02  0.62696E-02  0.15674E-01  0.94044E-02  0.12539E-01  0.18809E-01  0.31348E-02  0.45455E+00  0.13793E+00
     y           30    "0"  "EC_U1"  0.33856E+00  0.31348E-02  0.62696E-02  0.15674E-01  0.94044E-02  0.12539E-01  0.18809E-01  0.31348E-02  0.45455E+00  0.13793E+00
     y            2    "0"  "0"  0.41315E+00  0.98127E-06  0.77188E-01  0.71416E-01  0.86835E-01  0.92624E-01  0.18911E+00  0.30877E-01  0.23311E-01  0.15488E-01
     y           30    "0"  "EC_U1"  0.33856E+00  0.31348E-02  0.62696E-02  0.15674E-01  0.94044E-02  0.12539E-01  0.18809E-01  0.31348E-02  0.45455E+00  0.13793E+00
     y            2    "0"  "0"  0.41315E+00  0.98127E-06  0.77188E-01  0.71416E-01  0.86835E-01  0.92624E-01  0.18911E+00  0.30877E-01  0.23311E-01  0.15488E-01
     y            2    "0"  "0"  0.41315E+00  0.98127E-06  0.77188E-01  0.71416E-01  0.86835E-01  0.92624E-01  0.18911E+00  0.30877E-01  0.23311E-01  0.15488E-01
     y           30    "0"  "EC_U1"  0.33856E+00  0.31348E-02  0.62696E-02  0.15674E-01  0.94044E-02  0.12539E-01  0.18809E-01  0.31348E-02  0.45455E+00  0.13793E+00
     n           31    "NA"  "0"  0.51057E+00  0.98127E-06  0.42555E-01  0.57895E-04  0.48082E-04  0.52007E-04  0.63874E-01  0.19625E-04  0.23398E+00  0.14885E+00
     y           30    "0"  "EC_U1"  0.33856E+00  0.31348E-02  0.62696E-02  0.15674E-01  0.94044E-02  0.12539E-01  0.18809E-01  0.31348E-02  0.45455E+00  0.13793E+00
     y            2    "0"  "0"  0.41315E+00  0.98127E-06  0.77188E-01  0.71416E-01  0.86835E-01  0.92624E-01  0.18911E+00  0.30877E-01  0.23311E-01  0.15488E-01
     y            2    "0"  "0"  0.41315E+00  0.98127E-06  0.77188E-01  0.71416E-01  0.86835E-01  0.92624E-01  0.18911E+00  0.30877E-01  0.23311E-01  0.15488E-01
     y           30    "0"  "EC_U1"  0.33856E+00  0.31348E-02  0.62696E-02  0.15674E-01  0.94044E-02  0.12539E-01  0.18809E-01  0.31348E-02  0.45455E+00  0.13793E+00
     y           30    "0"  "EC_U1"  0.33856E+00  0.31348E-02  0.62696E-02  0.15674E-01  0.94044E-02  0.12539E-01  0.18809E-01  0.31348E-02  0.45455E+00  0.13793E+00
     y           30    "0"  "EC_U1"  0.33856E+00  0.31348E-02  0.62696E-02  0.15674E-01  0.94044E-02  0.12539E-01  0.18809E-01  0.31348E-02  0.45455E+00  0.13793E+00
     y           31    "0"  "0"  0.51057E+00  0.98127E-06  0.42555E-01  0.57895E-04  0.48082E-04  0.52007E-04  0.63874E-01  0.19625E-04  0.23398E+00  0.14885E+00
     n           31    "NA"  "0"  0.51057E+00  0.98127E-06  0.42555E-01  0.57895E-04  0.48082E-04  0.52007E-04  0.63874E-01  0.19625E-04  0.23398E+00  0.14885E+00
     y           30    "EC_U2"  "EC_U1"  0.33856E+00  0.31348E-02  0.62696E-02  0.15674E-01  0.94044E-02  0.12539E-01  0.18809E-01  0.31348E-02  0.45455E+00  0.13793E+00
     y            2    "EC_I"  "0"  0.41315E+00  0.98127E-06  0.77188E-01  0.71416E-01  0.86835E-01  0.92624E-01  0.18911E+00  0.30877E-01  0.23311E-01  0.15488E-01
     y           14    "EC_I"  "0"  0.46294E+00  0.98127E-06  0.18544E-01  0.31456E+00  0.18548E-01  0.18552E-01  0.37107E-01  0.55520E-01  0.55668E-01  0.18559E-01
     n           31    "NA"  "0"  0.51057E+00  0.98127E-06  0.42555E-01  0.57895E-04  0.48082E-04  0.52007E-04  0.63874E-01  0.19625E-04  0.23398E+00  0.14885E+00
     y           30    "EC_U1"  "EC_U1"  0.33856E+00  0.31348E-02  0.62696E-02  0.15674E-01  0.94044E-02  0.12539E-01  0.18809E-01  0.31348E-02  0.45455E+00  0.13793E+00
     y            2    "0"  "0"  0.41315E+00  0.98127E-06  0.77188E-01  0.71416E-01  0.86835E-01  0.92624E-01  0.18911E+00  0.30877E-01  0.23311E-01  0.15488E-01
     y            2    "EC_U1"  "0"  0.41315E+00  0.98127E-06  0.77188E-01  0.71416E-01  0.86835E-01  0.92624E-01  0.18911E+00  0.30877E-01  0.23311E-01  0.15488E-01
     n           31    "NA"  "0"  0.51057E+00  0.98127E-06  0.42555E-01  0.57895E-04  0.48082E-04  0.52007E-04  0.63874E-01  0.19625E-04  0.23398E+00  0.14885E+00
     y           30    "EC_U1"  "EC_U1"  0.33856E+00  0.31348E-02  0.62696E-02  0.15674E-01  0.94044E-02  0.12539E-01  0.18809E-01  0.31348E-02  0.45455E+00  0.13793E+00
     y           14    "EC-m2"  "0"  0.46294E+00  0.98127E-06  0.18544E-01  0.31456E+00  0.18548E-01  0.18552E-01  0.37107E-01  0.55520E-01  0.55668E-01  0.18559E-01
     y           30    "EC_U1"  "EC_U1"  0.33856E+00  0.31348E-02  0.62696E-02  0.15674E-01  0.94044E-02  0.12539E-01  0.18809E-01  0.31348E-02  0.45455E+00  0.13793E+00
     y            2    "EC_M4"  "0"  0.41315E+00  0.98127E-06  0.77188E-01  0.71416E-01  0.86835E-01  0.92624E-01  0.18911E+00  0.30877E-01  0.23311E-01  0.15488E-01
     y           30    "EC-m2"  "EC_U1"  0.33856E+00  0.31348E-02  0.62696E-02  0.15674E-01  0.94044E-02  0.12539E-01  0.18809E-01  0.31348E-02  0.45455E+00  0.13793E+00
     y           30    "EC_U1"  "EC_U1"  0.33856E+00  0.31348E-02  0.62696E-02  0.15674E-01  0.94044E-02  0.12539E-01  0.18809E-01  0.31348E-02  0.45455E+00  0.13793E+00
     y           30    "EC_U1"  "EC_U1"  0.33856E+00  0.31348E-02  0.62696E-02  0.15674E-01  0.94044E-02  0.12539E-01  0.18809E-01  0.31348E-02  0.45455E+00  0.13793E+00
     y           30    "EC_U1"  "EC_U1"  0.33856E+00  0.31348E-02  0.62696E-02  0.15674E-01  0.94044E-02  0.12539E-01  0.18809E-01  0.31348E-02  0.45455E+00  0.13793E+00
     y           30    "EC_U1"  "EC_U1"  0.33856E+00  0.31348E-02  0.62696E-02  0.15674E-01  0.94044E-02  0.12539E-01  0.18809E-01  0.31348E-02  0.45455E+00  0.13793E+00
     y           30    "0"  "EC_U1"  0.33856E+00  0.31348E-02  0.62696E-02  0.15674E-01  0.94044E-02  0.12539E-01  0.18809E-01  0.31348E-02  0.45455E+00  0.13793E+00
     y           30    "EC_U1"  "EC_U1"  0.33856E+00  0.31348E-02  0.62696E-02  0.15674E-01  0.94044E-02  0.12539E-01  0.18809E-01  0.31348E-02  0.45455E+00  0.13793E+00
     n           31    "NA"  "0"  0.51057E+00  0.98127E-06  0.42555E-01  0.57895E-04  0.48082E-04  0.52007E-04  0.63874E-01  0.19625E-04  0.23398E+00  0.14885E+00
     n           31    "NA"  "0"  0.51057E+00  0.98127E-06  0.42555E-01  0.57895E-04  0.48082E-04  0.52007E-04  0.63874E-01  0.19625E-04  0.23398E+00  0.14885E+00
     n           31    "NA"  "0"  0.51057E+00  0.98127E-06  0.42555E-01  0.57895E-04  0.48082E-04  0.52007E-04  0.63874E-01  0.19625E-04  0.23398E+00  0.14885E+00
     n           31    "NA"  "0"  0.51057E+00  0.98127E-06  0.42555E-01  0.57895E-04  0.48082E-04  0.52007E-04  0.63874E-01  0.19625E-04  0.23398E+00  0.14885E+00
     n           31    "NA"  "0"  0.51057E+00  0.98127E-06  0.42555E-01  0.57895E-04  0.48082E-04  0.52007E-04  0.63874E-01  0.19625E-04  0.23398E+00  0.14885E+00
     n           31    "NA"  "0"  0.51057E+00  0.98127E-06  0.42555E-01  0.57895E-04  0.48082E-04  0.52007E-04  0.63874E-01  0.19625E-04  0.23398E+00  0.14885E+00
     n           14    "NA"  "0"  0.46294E+00  0.98127E-06  0.18544E-01  0.31456E+00  0.18548E-01  0.18552E-01  0.37107E-01  0.55520E-01  0.55668E-01  0.18559E-01
     n            2    "NA"  "0"  0.41315E+00  0.98127E-06  0.77188E-01  0.71416E-01  0.86835E-01  0.92624E-01  0.18911E+00  0.30877E-01  0.23311E-01  0.15488E-01
     n           31    "NA"  "0"  0.51057E+00  0.98127E-06  0.42555E-01  0.57895E-04  0.48082E-04  0.52007E-04  0.63874E-01  0.19625E-04  0.23398E+00  0.14885E+00
     n           31    "NA"  "0"  0.51057E+00  0.98127E-06  0.42555E-01  0.57895E-04  0.48082E-04  0.52007E-04  0.63874E-01  0.19625E-04  0.23398E+00  0.14885E+00
     n           31    "NA"  "0"  0.51057E+00  0.98127E-06  0.42555E-01  0.57895E-04  0.48082E-04  0.52007E-04  0.63874E-01  0.19625E-04  0.23398E+00  0.14885E+00
     n           31    "NA"  "0"  0.51057E+00  0.98127E-06  0.42555E-01  0.57895E-04  0.48082E-04  0.52007E-04  0.63874E-01  0.19625E-04  0.23398E+00  0.14885E+00
     n           31    "NA"  "0"  0.51057E+00  0.98127E-06  0.42555E-01  0.57895E-04  0.48082E-04  0.52007E-04  0.63874E-01  0.19625E-04  0.23398E+00  0.14885E+00
     n           31    "NA"  "0"  0.51057E+00  0.98127E-06  0.42555E-01  0.57895E-04  0.48082E-04  0.52007E-04  0.63874E-01  0.19625E-04  0.23398E+00  0.14885E+00
     n           31    "NA"  "0"  0.51057E+00  0.98127E-06  0.42555E-01  0.57895E-04  0.48082E-04  0.52007E-04  0.63874E-01  0.19625E-04  0.23398E+00  0.14885E+00
     n           31    "NA"  "0"  0.51057E+00  0.98127E-06  0.42555E-01  0.57895E-04  0.48082E-04  0.52007E-04  0.63874E-01  0.19625E-04  0.23398E+00  0.14885E+00
     n           31    "NA"  "0"  0.51057E+00  0.98127E-06  0.42555E-01  0.57895E-04  0.48082E-04  0.52007E-04  0.63874E-01  0.19625E-04  0.23398E+00  0.14885E+00
     n           31    "NA"  "0"  0.51057E+00  0.98127E-06  0.42555E-01  0.57895E-04  0.48082E-04  0.52007E-04  0.63874E-01  0.19625E-04  0.23398E+00  0.14885E+00
     n           31    "NA"  "0"  0.51057E+00  0.98127E-06  0.42555E-01  0.57895E-04  0.48082E-04  0.52007E-04  0.63874E-01  0.19625E-04  0.23398E+00  0.14885E+00
     n           31    "NA"  "0"  0.51057E+00  0.98127E-06  0.42555E-01  0.57895E-04  0.48082E-04  0.52007E-04  0.63874E-01  0.19625E-04  0.23398E+00  0.14885E+00
     n           31    "NA"  "0"  0.51057E+00  0.98127E-06  0.42555E-01  0.57895E-04  0.48082E-04  0.52007E-04  0.63874E-01  0.19625E-04  0.23398E+00  0.14885E+00
     n           31    "NA"  "0"  0.51057E+00  0.98127E-06  0.42555E-01  0.57895E-04  0.48082E-04  0.52007E-04  0.63874E-01  0.19625E-04  0.23398E+00  0.14885E+00
     n           31    "NA"  "0"  0.51057E+00  0.98127E-06  0.42555E-01  0.57895E-04  0.48082E-04  0.52007E-04  0.63874E-01  0.19625E-04  0.23398E+00  0.14885E+00
     n           31    "NA"  "0"  0.51057E+00  0.98127E-06  0.42555E-01  0.57895E-04  0.48082E-04  0.52007E-04  0.63874E-01  0.19625E-04  0.23398E+00  0.14885E+00
     n           31    "NA"  "0"  0.51057E+00  0.98127E-06  0.42555E-01  0.57895E-04  0.48082E-04  0.52007E-04  0.63874E-01  0.19625E-04  0.23398E+00  0.14885E+00
     n           31    "NA"  "0"  0.51057E+00  0.98127E-06  0.42555E-01  0.57895E-04  0.48082E-04  0.52007E-04  0.63874E-01  0.19625E-04  0.23398E+00  0.14885E+00
     n           31    "NA"  "0"  0.51057E+00  0.98127E-06  0.42555E-01  0.57895E-04  0.48082E-04  0.52007E-04  0.63874E-01  0.19625E-04  0.23398E+00  0.14885E+00
     n           31    "NA"  "0"  0.51057E+00  0.98127E-06  0.42555E-01  0.57895E-04  0.48082E-04  0.52007E-04  0.63874E-01  0.19625E-04  0.23398E+00  0.14885E+00
     n           31    "NA"  "0"  0.51057E+00  0.98127E-06  0.42555E-01  0.57895E-04  0.48082E-04  0.52007E-04  0.63874E-01  0.19625E-04  0.23398E+00  0.14885E+00
     n           31    "NA"  "0"  0.51057E+00  0.98127E-06  0.42555E-01  0.57895E-04  0.48082E-04  0.52007E-04  0.63874E-01  0.19625E-04  0.23398E+00  0.14885E+00
     n            2    "NA"  "0"  0.41315E+00  0.98127E-06  0.77188E-01  0.71416E-01  0.86835E-01  0.92624E-01  0.18911E+00  0.30877E-01  0.23311E-01  0.15488E-01
     n            2    "NA"  "0"  0.41315E+00  0.98127E-06  0.77188E-01  0.71416E-01  0.86835E-01  0.92624E-01  0.18911E+00  0.30877E-01  0.23311E-01  0.15488E-01
     y           31    "EC_U1"  "0"  0.51057E+00  0.98127E-06  0.42555E-01  0.57895E-04  0.48082E-04  0.52007E-04  0.63874E-01  0.19625E-04  0.23398E+00  0.14885E+00
     y           30    "EC_U1"  "EC_U1"  0.33856E+00  0.31348E-02  0.62696E-02  0.15674E-01  0.94044E-02  0.12539E-01  0.18809E-01  0.31348E-02  0.45455E+00  0.13793E+00
     y           30    "EC_U1"  "EC_U1"  0.33856E+00  0.31348E-02  0.62696E-02  0.15674E-01  0.94044E-02  0.12539E-01  0.18809E-01  0.31348E-02  0.45455E+00  0.13793E+00
     y           30    "EC_U1"  "EC_U1"  0.33856E+00  0.31348E-02  0.62696E-02  0.15674E-01  0.94044E-02  0.12539E-01  0.18809E-01  0.31348E-02  0.45455E+00  0.13793E+00
     y            2    "EC_M3"  "0"  0.41315E+00  0.98127E-06  0.77188E-01  0.71416E-01  0.86835E-01  0.92624E-01  0.18911E+00  0.30877E-01  0.23311E-01  0.15488E-01
     y            2    "EC_M4"  "0"  0.41315E+00  0.98127E-06  0.77188E-01  0.71416E-01  0.86835E-01  0.92624E-01  0.18911E+00  0.30877E-01  0.23311E-01  0.15488E-01
     y            2    "EC_M3"  "0"  0.41315E+00  0.98127E-06  0.77188E-01  0.71416E-01  0.86835E-01  0.92624E-01  0.18911E+00  0.30877E-01  0.23311E-01  0.15488E-01
     y           31    "EC_U1"  "0"  0.51057E+00  0.98127E-06  0.42555E-01  0.57895E-04  0.48082E-04  0.52007E-04  0.63874E-01  0.19625E-04  0.23398E+00  0.14885E+00
     y           14    "EC_I"  "0"  0.46294E+00  0.98127E-06  0.18544E-01  0.31456E+00  0.18548E-01  0.18552E-01  0.37107E-01  0.55520E-01  0.55668E-01  0.18559E-01
     y            2    "EC_M4"  "0"  0.41315E+00  0.98127E-06  0.77188E-01  0.71416E-01  0.86835E-01  0.92624E-01  0.18911E+00  0.30877E-01  0.23311E-01  0.15488E-01
     y            2    "EC_M4"  "0"  0.41315E+00  0.98127E-06  0.77188E-01  0.71416E-01  0.86835E-01  0.92624E-01  0.18911E+00  0.30877E-01  0.23311E-01  0.15488E-01
     n            2    "NA"  "0"  0.41315E+00  0.98127E-06  0.77188E-01  0.71416E-01  0.86835E-01  0.92624E-01  0.18911E+00  0.30877E-01  0.23311E-01  0.15488E-01
     y            2    "EC_M3"  "0"  0.41315E+00  0.98127E-06  0.77188E-01  0.71416E-01  0.86835E-01  0.92624E-01  0.18911E+00  0.30877E-01  0.23311E-01  0.15488E-01
     y            2    "EC_M4"  "0"  0.41315E+00  0.98127E-06  0.77188E-01  0.71416E-01  0.86835E-01  0.92624E-01  0.18911E+00  0.30877E-01  0.23311E-01  0.15488E-01
     y            2    "EC_M4"  "0"  0.41315E+00  0.98127E-06  0.77188E-01  0.71416E-01  0.86835E-01  0.92624E-01  0.18911E+00  0.30877E-01  0.23311E-01  0.15488E-01
     y            2    "EC_U1"  "0"  0.41315E+00  0.98127E-06  0.77188E-01  0.71416E-01  0.86835E-01  0.92624E-01  0.18911E+00  0.30877E-01  0.23311E-01  0.15488E-01
     y            2    "EC_M4"  "0"  0.41315E+00  0.98127E-06  0.77188E-01  0.71416E-01  0.86835E-01  0.92624E-01  0.18911E+00  0.30877E-01  0.23311E-01  0.15488E-01
     y            6    "0"  "0"  0.99944E+00  0.98127E-06  0.44157E-04  0.57895E-04  0.48082E-04  0.52007E-04  0.10696E-03  0.19625E-04  0.16780E-03  0.58876E-04
     y            2    "EC_M4"  "0"  0.41315E+00  0.98127E-06  0.77188E-01  0.71416E-01  0.86835E-01  0.92624E-01  0.18911E+00  0.30877E-01  0.23311E-01  0.15488E-01
     y            2    "EC_M4"  "0"  0.41315E+00  0.98127E-06  0.77188E-01  0.71416E-01  0.86835E-01  0.92624E-01  0.18911E+00  0.30877E-01  0.23311E-01  0.15488E-01
     y            2    "EC_I"  "0"  0.41315E+00  0.98127E-06  0.77188E-01  0.71416E-01  0.86835E-01  0.92624E-01  0.18911E+00  0.30877E-01  0.23311E-01  0.15488E-01
     y           30    "EC_U1"  "EC_U1"  0.33856E+00  0.31348E-02  0.62696E-02  0.15674E-01  0.94044E-02  0.12539E-01  0.18809E-01  0.31348E-02  0.45455E+00  0.13793E+00
     y           14    "EC_I"  "0"  0.46294E+00  0.98127E-06  0.18544E-01  0.31456E+00  0.18548E-01  0.18552E-01  0.37107E-01  0.55520E-01  0.55668E-01  0.18559E-01
     y           30    "EC_U1"  "EC_U1"  0.33856E+00  0.31348E-02  0.62696E-02  0.15674E-01  0.94044E-02  0.12539E-01  0.18809E-01  0.31348E-02  0.45455E+00  0.13793E+00
     y           30    "EC_U2"  "EC_U1"  0.33856E+00  0.31348E-02  0.62696E-02  0.15674E-01  0.94044E-02  0.12539E-01  0.18809E-01  0.31348E-02  0.45455E+00  0.13793E+00
     y            6    "0"  "0"  0.99944E+00  0.98127E-06  0.44157E-04  0.57895E-04  0.48082E-04  0.52007E-04  0.10696E-03  0.19625E-04  0.16780E-03  0.58876E-04
     y            6    "0"  "0"  0.99944E+00  0.98127E-06  0.44157E-04  0.57895E-04  0.48082E-04  0.52007E-04  0.10696E-03  0.19625E-04  0.16780E-03  0.58876E-04
     y            6    "0"  "0"  0.99944E+00  0.98127E-06  0.44157E-04  0.57895E-04  0.48082E-04  0.52007E-04  0.10696E-03  0.19625E-04  0.16780E-03  0.58876E-04
     y           31    "0"  "0"  0.51057E+00  0.98127E-06  0.42555E-01  0.57895E-04  0.48082E-04  0.52007E-04  0.63874E-01  0.19625E-04  0.23398E+00  0.14885E+00
     y            6    "0"  "0"  0.99944E+00  0.98127E-06  0.44157E-04  0.57895E-04  0.48082E-04  0.52007E-04  0.10696E-03  0.19625E-04  0.16780E-03  0.58876E-04
     y            6    "0"  "0"  0.99944E+00  0.98127E-06  0.44157E-04  0.57895E-04  0.48082E-04  0.52007E-04  0.10696E-03  0.19625E-04  0.16780E-03  0.58876E-04
     y            6    "0"  "0"  0.99944E+00  0.98127E-06  0.44157E-04  0.57895E-04  0.48082E-04  0.52007E-04  0.10696E-03  0.19625E-04  0.16780E-03  0.58876E-04
     y           14    "0"  "0"  0.46294E+00  0.98127E-06  0.18544E-01  0.31456E+00  0.18548E-01  0.18552E-01  0.37107E-01  0.55520E-01  0.55668E-01  0.18559E-01
     y            6    "0"  "0"  0.99944E+00  0.98127E-06  0.44157E-04  0.57895E-04  0.48082E-04  0.52007E-04  0.10696E-03  0.19625E-04  0.16780E-03  0.58876E-04
     y            6    "0"  "0"  0.99944E+00  0.98127E-06  0.44157E-04  0.57895E-04  0.48082E-04  0.52007E-04  0.10696E-03  0.19625E-04  0.16780E-03  0.58876E-04
     y            6    "0"  "0"  0.99944E+00  0.98127E-06  0.44157E-04  0.57895E-04  0.48082E-04  0.52007E-04  0.10696E-03  0.19625E-04  0.16780E-03  0.58876E-04
     y            6    "0"  "0"  0.99944E+00  0.98127E-06  0.44157E-04  0.57895E-04  0.48082E-04  0.52007E-04  0.10696E-03  0.19625E-04  0.16780E-03  0.58876E-04
     y            6    "0"  "0"  0.99944E+00  0.98127E-06  0.44157E-04  0.57895E-04  0.48082E-04  0.52007E-04  0.10696E-03  0.19625E-04  0.16780E-03  0.58876E-04
     y            6    "0"  "0"  0.99944E+00  0.98127E-06  0.44157E-04  0.57895E-04  0.48082E-04  0.52007E-04  0.10696E-03  0.19625E-04  0.16780E-03  0.58876E-04
     y            6    "0"  "0"  0.99944E+00  0.98127E-06  0.44157E-04  0.57895E-04  0.48082E-04  0.52007E-04  0.10696E-03  0.19625E-04  0.16780E-03  0.58876E-04
     y            6    "0"  "0"  0.99944E+00  0.98127E-06  0.44157E-04  0.57895E-04  0.48082E-04  0.52007E-04  0.10696E-03  0.19625E-04  0.16780E-03  0.58876E-04
     y            6    "0"  "0"  0.99944E+00  0.98127E-06  0.44157E-04  0.57895E-04  0.48082E-04  0.52007E-04  0.10696E-03  0.19625E-04  0.16780E-03  0.58876E-04
     y            6    "0"  "0"  0.99944E+00  0.98127E-06  0.44157E-04  0.57895E-04  0.48082E-04  0.52007E-04  0.10696E-03  0.19625E-04  0.16780E-03  0.58876E-04
     y            6    "0"  "0"  0.99944E+00  0.98127E-06  0.44157E-04  0.57895E-04  0.48082E-04  0.52007E-04  0.10696E-03  0.19625E-04  0.16780E-03  0.58876E-04
     y            6    "0"  "0"  0.99944E+00  0.98127E-06  0.44157E-04  0.57895E-04  0.48082E-04  0.52007E-04  0.10696E-03  0.19625E-04  0.16780E-03  0.58876E-04
     n            6    "NA"  "0"  0.99944E+00  0.98127E-06  0.44157E-04  0.57895E-04  0.48082E-04  0.52007E-04  0.10696E-03  0.19625E-04  0.16780E-03  0.58876E-04
     n            6    "NA"  "0"  0.99944E+00  0.98127E-06  0.44157E-04  0.57895E-04  0.48082E-04  0.52007E-04  0.10696E-03  0.19625E-04  0.16780E-03  0.58876E-04
     n           31    "NA"  "0"  0.51057E+00  0.98127E-06  0.42555E-01  0.57895E-04  0.48082E-04  0.52007E-04  0.63874E-01  0.19625E-04  0.23398E+00  0.14885E+00
     y            6    "0"  "0"  0.99944E+00  0.98127E-06  0.44157E-04  0.57895E-04  0.48082E-04  0.52007E-04  0.10696E-03  0.19625E-04  0.16780E-03  0.58876E-04
     y            6    "0"  "0"  0.99944E+00  0.98127E-06  0.44157E-04  0.57895E-04  0.48082E-04  0.52007E-04  0.10696E-03  0.19625E-04  0.16780E-03  0.58876E-04
     y            6    "0"  "0"  0.99944E+00  0.98127E-06  0.44157E-04  0.57895E-04  0.48082E-04  0.52007E-04  0.10696E-03  0.19625E-04  0.16780E-03  0.58876E-04
     y            6    "0"  "0"  0.99944E+00  0.98127E-06  0.44157E-04  0.57895E-04  0.48082E-04  0.52007E-04  0.10696E-03  0.19625E-04  0.16780E-03  0.58876E-04
     y            6    "0"  "0"  0.99944E+00  0.98127E-06  0.44157E-04  0.57895E-04  0.48082E-04  0.52007E-04  0.10696E-03  0.19625E-04  0.16780E-03  0.58876E-04
     y            6    "0"  "0"  0.99944E+00  0.98127E-06  0.44157E-04  0.57895E-04  0.48082E-04  0.52007E-04  0.10696E-03  0.19625E-04  0.16780E-03  0.58876E-04
     y            6    "0"  "0"  0.99944E+00  0.98127E-06  0.44157E-04  0.57895E-04  0.48082E-04  0.52007E-04  0.10696E-03  0.19625E-04  0.16780E-03  0.58876E-04
     y            6    "0"  "0"  0.99944E+00  0.98127E-06  0.44157E-04  0.57895E-04  0.48082E-04  0.52007E-04  0.10696E-03  0.19625E-04  0.16780E-03  0.58876E-04
     y           30    "0"  "EC_U1"  0.33856E+00  0.31348E-02  0.62696E-02  0.15674E-01  0.94044E-02  0.12539E-01  0.18809E-01  0.31348E-02  0.45455E+00  0.13793E+00
     y            2    "0"  "0"  0.41315E+00  0.98127E-06  0.77188E-01  0.71416E-01  0.86835E-01  0.92624E-01  0.18911E+00  0.30877E-01  0.23311E-01  0.15488E-01
     y            6    "0"  "0"  0.99944E+00  0.98127E-06  0.44157E-04  0.57895E-04  0.48082E-04  0.52007E-04  0.10696E-03  0.19625E-04  0.16780E-03  0.58876E-04
     y            6    "0"  "0"  0.99944E+00  0.98127E-06  0.44157E-04  0.57895E-04  0.48082E-04  0.52007E-04  0.10696E-03  0.19625E-04  0.16780E-03  0.58876E-04
     y            6    "0"  "0"  0.99944E+00  0.98127E-06  0.44157E-04  0.57895E-04  0.48082E-04  0.52007E-04  0.10696E-03  0.19625E-04  0.16780E-03  0.58876E-04
     y            2    "0"  "0"  0.41315E+00  0.98127E-06  0.77188E-01  0.71416E-01  0.86835E-01  0.92624E-01  0.18911E+00  0.30877E-01  0.23311E-01  0.15488E-01
     y            2    "EC_M4"  "0"  0.41315E+00  0.98127E-06  0.77188E-01  0.71416E-01  0.86835E-01  0.92624E-01  0.18911E+00  0.30877E-01  0.23311E-01  0.15488E-01
     y            2    "EC_M1"  "0"  0.41315E+00  0.98127E-06  0.77188E-01  0.71416E-01  0.86835E-01  0.92624E-01  0.18911E+00  0.30877E-01  0.23311E-01  0.15488E-01
     y            2    "EC_O"  "0"  0.41315E+00  0.98127E-06  0.77188E-01  0.71416E-01  0.86835E-01  0.92624E-01  0.18911E+00  0.30877E-01  0.23311E-01  0.15488E-01
     y            6    "0"  "0"  0.99944E+00  0.98127E-06  0.44157E-04  0.57895E-04  0.48082E-04  0.52007E-04  0.10696E-03  0.19625E-04  0.16780E-03  0.58876E-04
     y            2    "0"  "0"  0.41315E+00  0.98127E-06  0.77188E-01  0.71416E-01  0.86835E-01  0.92624E-01  0.18911E+00  0.30877E-01  0.23311E-01  0.15488E-01
     y            2    "0"  "0"  0.41315E+00  0.98127E-06  0.77188E-01  0.71416E-01  0.86835E-01  0.92624E-01  0.18911E+00  0.30877E-01  0.23311E-01  0.15488E-01
     y            6    "0"  "0"  0.99944E+00  0.98127E-06  0.44157E-04  0.57895E-04  0.48082E-04  0.52007E-04  0.10696E-03  0.19625E-04  0.16780E-03  0.58876E-04
     y            6    "0"  "0"  0.99944E+00  0.98127E-06  0.44157E-04  0.57895E-04  0.48082E-04  0.52007E-04  0.10696E-03  0.19625E-04  0.16780E-03  0.58876E-04
     y            2    "0"  "0"  0.41315E+00  0.98127E-06  0.77188E-01  0.71416E-01  0.86835E-01  0.92624E-01  0.18911E+00  0.30877E-01  0.23311E-01  0.15488E-01
     y           31    "EC-m2"  "0"  0.51057E+00  0.98127E-06  0.42555E-01  0.57895E-04  0.48082E-04  0.52007E-04  0.63874E-01  0.19625E-04  0.23398E+00  0.14885E+00
     y            2    "EC_U2"  "0"  0.41315E+00  0.98127E-06  0.77188E-01  0.71416E-01  0.86835E-01  0.92624E-01  0.18911E+00  0.30877E-01  0.23311E-01  0.15488E-01
     y            2    "0"  "0"  0.41315E+00  0.98127E-06  0.77188E-01  0.71416E-01  0.86835E-01  0.92624E-01  0.18911E+00  0.30877E-01  0.23311E-01  0.15488E-01
     y            2    "0"  "0"  0.41315E+00  0.98127E-06  0.77188E-01  0.71416E-01  0.86835E-01  0.92624E-01  0.18911E+00  0.30877E-01  0.23311E-01  0.15488E-01
     y            6    "0"  "0"  0.99944E+00  0.98127E-06  0.44157E-04  0.57895E-04  0.48082E-04  0.52007E-04  0.10696E-03  0.19625E-04  0.16780E-03  0.58876E-04
     n            6    "NA"  "0"  0.99944E+00  0.98127E-06  0.44157E-04  0.57895E-04  0.48082E-04  0.52007E-04  0.10696E-03  0.19625E-04  0.16780E-03  0.58876E-04
     n            2    "NA"  "0"  0.41315E+00  0.98127E-06  0.77188E-01  0.71416E-01  0.86835E-01  0.92624E-01  0.18911E+00  0.30877E-01  0.23311E-01  0.15488E-01
     y            2    "EC_M1"  "0"  0.41315E+00  0.98127E-06  0.77188E-01  0.71416E-01  0.86835E-01  0.92624E-01  0.18911E+00  0.30877E-01  0.23311E-01  0.15488E-01
     y            2    "0"  "0"  0.41315E+00  0.98127E-06  0.77188E-01  0.71416E-01  0.86835E-01  0.92624E-01  0.18911E+00  0.30877E-01  0.23311E-01  0.15488E-01
     y            2    "0"  "0"  0.41315E+00  0.98127E-06  0.77188E-01  0.71416E-01  0.86835E-01  0.92624E-01  0.18911E+00  0.30877E-01  0.23311E-01  0.15488E-01
     y            2    "0"  "0"  0.41315E+00  0.98127E-06  0.77188E-01  0.71416E-01  0.86835E-01  0.92624E-01  0.18911E+00  0.30877E-01  0.23311E-01  0.15488E-01
     y           30    "EC_U1"  "EC_U1"  0.33856E+00  0.31348E-02  0.62696E-02  0.15674E-01  0.94044E-02  0.12539E-01  0.18809E-01  0.31348E-02  0.45455E+00  0.13793E+00
     y           30    "0"  "EC_U1"  0.33856E+00  0.31348E-02  0.62696E-02  0.15674E-01  0.94044E-02  0.12539E-01  0.18809E-01  0.31348E-02  0.45455E+00  0.13793E+00
     y            6    "0"  "0"  0.99944E+00  0.98127E-06  0.44157E-04  0.57895E-04  0.48082E-04  0.52007E-04  0.10696E-03  0.19625E-04  0.16780E-03  0.58876E-04
     y            6    "0"  "0"  0.99944E+00  0.98127E-06  0.44157E-04  0.57895E-04  0.48082E-04  0.52007E-04  0.10696E-03  0.19625E-04  0.16780E-03  0.58876E-04
     y           14    "0"  "0"  0.46294E+00  0.98127E-06  0.18544E-01  0.31456E+00  0.18548E-01  0.18552E-01  0.37107E-01  0.55520E-01  0.55668E-01  0.18559E-01
     y           30    "0"  "EC_U1"  0.33856E+00  0.31348E-02  0.62696E-02  0.15674E-01  0.94044E-02  0.12539E-01  0.18809E-01  0.31348E-02  0.45455E+00  0.13793E+00
     y            2    "0"  "0"  0.41315E+00  0.98127E-06  0.77188E-01  0.71416E-01  0.86835E-01  0.92624E-01  0.18911E+00  0.30877E-01  0.23311E-01  0.15488E-01
     y            6    "0"  "0"  0.99944E+00  0.98127E-06  0.44157E-04  0.57895E-04  0.48082E-04  0.52007E-04  0.10696E-03  0.19625E-04  0.16780E-03  0.58876E-04
     y            6    "0"  "0"  0.99944E+00  0.98127E-06  0.44157E-04  0.57895E-04  0.48082E-04  0.52007E-04  0.10696E-03  0.19625E-04  0.16780E-03  0.58876E-04
     y            2    "0"  "0"  0.41315E+00  0.98127E-06  0.77188E-01  0.71416E-01  0.86835E-01  0.92624E-01  0.18911E+00  0.30877E-01  0.23311E-01  0.15488E-01
     y           30    "0"  "EC_U1"  0.33856E+00  0.31348E-02  0.62696E-02  0.15674E-01  0.94044E-02  0.12539E-01  0.18809E-01  0.31348E-02  0.45455E+00  0.13793E+00
     y           30    "EC_U1"  "EC_U1"  0.33856E+00  0.31348E-02  0.62696E-02  0.15674E-01  0.94044E-02  0.12539E-01  0.18809E-01  0.31348E-02  0.45455E+00  0.13793E+00
     y           30    "0"  "EC_U1"  0.33856E+00  0.31348E-02  0.62696E-02  0.15674E-01  0.94044E-02  0.12539E-01  0.18809E-01  0.31348E-02  0.45455E+00  0.13793E+00
     y           30    "0"  "EC_U1"  0.33856E+00  0.31348E-02  0.62696E-02  0.15674E-01  0.94044E-02  0.12539E-01  0.18809E-01  0.31348E-02  0.45455E+00  0.13793E+00
     y           30    "0"  "EC_U1"  0.33856E+00  0.31348E-02  0.62696E-02  0.15674E-01  0.94044E-02  0.12539E-01  0.18809E-01  0.31348E-02  0.45455E+00  0.13793E+00
     y           30    "EC_U1"  "EC_U1"  0.33856E+00  0.31348E-02  0.62696E-02  0.15674E-01  0.94044E-02  0.12539E-01  0.18809E-01  0.31348E-02  0.45455E+00  0.13793E+00
     y            6    "0"  "0"  0.99944E+00  0.98127E-06  0.44157E-04  0.57895E-04  0.48082E-04  0.52007E-04  0.10696E-03  0.19625E-04  0.16780E-03  0.58876E-04
     y           30    "EC_M3"  "EC_U1"  0.33856E+00  0.31348E-02  0.62696E-02  0.15674E-01  0.94044E-02  0.12539E-01  0.18809E-01  0.31348E-02  0.45455E+00  0.13793E+00
     n           31    "NA"  "0"  0.51057E+00  0.98127E-06  0.42555E-01  0.57895E-04  0.48082E-04  0.52007E-04  0.63874E-01  0.19625E-04  0.23398E+00  0.14885E+00
     y            2    "0"  "0"  0.41315E+00  0.98127E-06  0.77188E-01  0.71416E-01  0.86835E-01  0.92624E-01  0.18911E+00  0.30877E-01  0.23311E-01  0.15488E-01
     y           14    "0"  "0"  0.46294E+00  0.98127E-06  0.18544E-01  0.31456E+00  0.18548E-01  0.18552E-01  0.37107E-01  0.55520E-01  0.55668E-01  0.18559E-01
     y            2    "0"  "0"  0.41315E+00  0.98127E-06  0.77188E-01  0.71416E-01  0.86835E-01  0.92624E-01  0.18911E+00  0.30877E-01  0.23311E-01  0.15488E-01
     y           30    "0"  "EC_U1"  0.33856E+00  0.31348E-02  0.62696E-02  0.15674E-01  0.94044E-02  0.12539E-01  0.18809E-01  0.31348E-02  0.45455E+00  0.13793E+00
     y           30    "0"  "EC_U1"  0.33856E+00  0.31348E-02  0.62696E-02  0.15674E-01  0.94044E-02  0.12539E-01  0.18809E-01  0.31348E-02  0.45455E+00  0.13793E+00
     y           14    "0"  "0"  0.46294E+00  0.98127E-06  0.18544E-01  0.31456E+00  0.18548E-01  0.18552E-01  0.37107E-01  0.55520E-01  0.55668E-01  0.18559E-01
     y           30    "0"  "EC_U1"  0.33856E+00  0.31348E-02  0.62696E-02  0.15674E-01  0.94044E-02  0.12539E-01  0.18809E-01  0.31348E-02  0.45455E+00  0.13793E+00
     y            2    "0"  "0"  0.41315E+00  0.98127E-06  0.77188E-01  0.71416E-01  0.86835E-01  0.92624E-01  0.18911E+00  0.30877E-01  0.23311E-01  0.15488E-01
     y           30    "0"  "EC_U1"  0.33856E+00  0.31348E-02  0.62696E-02  0.15674E-01  0.94044E-02  0.12539E-01  0.18809E-01  0.31348E-02  0.45455E+00  0.13793E+00
     y            2    "0"  "0"  0.41315E+00  0.98127E-06  0.77188E-01  0.71416E-01  0.86835E-01  0.92624E-01  0.18911E+00  0.30877E-01  0.23311E-01  0.15488E-01
     y           30    "0"  "EC_U1"  0.33856E+00  0.31348E-02  0.62696E-02  0.15674E-01  0.94044E-02  0.12539E-01  0.18809E-01  0.31348E-02  0.45455E+00  0.13793E+00
     y           30    "0"  "EC_U1"  0.33856E+00  0.31348E-02  0.62696E-02  0.15674E-01  0.94044E-02  0.12539E-01  0.18809E-01  0.31348E-02  0.45455E+00  0.13793E+00
     n            2    "NA"  "0"  0.41315E+00  0.98127E-06  0.77188E-01  0.71416E-01  0.86835E-01  0.92624E-01  0.18911E+00  0.30877E-01  0.23311E-01  0.15488E-01
     y            2    "0"  "0"  0.41315E+00  0.98127E-06  0.77188E-01  0.71416E-01  0.86835E-01  0.92624E-01  0.18911E+00  0.30877E-01  0.23311E-01  0.15488E-01
     y           30    "0"  "EC_U1"  0.33856E+00  0.31348E-02  0.62696E-02  0.15674E-01  0.94044E-02  0.12539E-01  0.18809E-01  0.31348E-02  0.45455E+00  0.13793E+00
     y           14    "0"  "0"  0.46294E+00  0.98127E-06  0.18544E-01  0.31456E+00  0.18548E-01  0.18552E-01  0.37107E-01  0.55520E-01  0.55668E-01  0.18559E-01
     y           14    "0"  "0"  0.46294E+00  0.98127E-06  0.18544E-01  0.31456E+00  0.18548E-01  0.18552E-01  0.37107E-01  0.55520E-01  0.55668E-01  0.18559E-01
     y            2    "0"  "0"  0.41315E+00  0.98127E-06  0.77188E-01  0.71416E-01  0.86835E-01  0.92624E-01  0.18911E+00  0.30877E-01  0.23311E-01  0.15488E-01
     y           30    "0"  "EC_U1"  0.33856E+00  0.31348E-02  0.62696E-02  0.15674E-01  0.94044E-02  0.12539E-01  0.18809E-01  0.31348E-02  0.45455E+00  0.13793E+00
     y           30    "0"  "EC_U1"  0.33856E+00  0.31348E-02  0.62696E-02  0.15674E-01  0.94044E-02  0.12539E-01  0.18809E-01  0.31348E-02  0.45455E+00  0.13793E+00
     y           14    "0"  "0"  0.46294E+00  0.98127E-06  0.18544E-01  0.31456E+00  0.18548E-01  0.18552E-01  0.37107E-01  0.55520E-01  0.55668E-01  0.18559E-01
     y           30    "0"  "EC_U1"  0.33856E+00  0.31348E-02  0.62696E-02  0.15674E-01  0.94044E-02  0.12539E-01  0.18809E-01  0.31348E-02  0.45455E+00  0.13793E+00
     y           30    "0"  "EC_U1"  0.33856E+00  0.31348E-02  0.62696E-02  0.15674E-01  0.94044E-02  0.12539E-01  0.18809E-01  0.31348E-02  0.45455E+00  0.13793E+00
     y            2    "EC_M4"  "0"  0.41315E+00  0.98127E-06  0.77188E-01  0.71416E-01  0.86835E-01  0.92624E-01  0.18911E+00  0.30877E-01  0.23311E-01  0.15488E-01
     y            2    "EC_M4"  "0"  0.41315E+00  0.98127E-06  0.77188E-01  0.71416E-01  0.86835E-01  0.92624E-01  0.18911E+00  0.30877E-01  0.23311E-01  0.15488E-01
     y           31    "EC_U2"  "0"  0.51057E+00  0.98127E-06  0.42555E-01  0.57895E-04  0.48082E-04  0.52007E-04  0.63874E-01  0.19625E-04  0.23398E+00  0.14885E+00
     y           14    "0"  "0"  0.46294E+00  0.98127E-06  0.18544E-01  0.31456E+00  0.18548E-01  0.18552E-01  0.37107E-01  0.55520E-01  0.55668E-01  0.18559E-01
     n            2    "NA"  "0"  0.41315E+00  0.98127E-06  0.77188E-01  0.71416E-01  0.86835E-01  0.92624E-01  0.18911E+00  0.30877E-01  0.23311E-01  0.15488E-01
     y           31    "EC_U2"  "0"  0.51057E+00  0.98127E-06  0.42555E-01  0.57895E-04  0.48082E-04  0.52007E-04  0.63874E-01  0.19625E-04  0.23398E+00  0.14885E+00
     y           14    "EC_I"  "0"  0.46294E+00  0.98127E-06  0.18544E-01  0.31456E+00  0.18548E-01  0.18552E-01  0.37107E-01  0.55520E-01  0.55668E-01  0.18559E-01
     y           14    "EC_I"  "0"  0.46294E+00  0.98127E-06  0.18544E-01  0.31456E+00  0.18548E-01  0.18552E-01  0.37107E-01  0.55520E-01  0.55668E-01  0.18559E-01
     y           30    "0"  "EC_U1"  0.33856E+00  0.31348E-02  0.62696E-02  0.15674E-01  0.94044E-02  0.12539E-01  0.18809E-01  0.31348E-02  0.45455E+00  0.13793E+00
     y           31    "EC_U1"  "0"  0.51057E+00  0.98127E-06  0.42555E-01  0.57895E-04  0.48082E-04  0.52007E-04  0.63874E-01  0.19625E-04  0.23398E+00  0.14885E+00
     y           30    "0"  "EC_U1"  0.33856E+00  0.31348E-02  0.62696E-02  0.15674E-01  0.94044E-02  0.12539E-01  0.18809E-01  0.31348E-02  0.45455E+00  0.13793E+00
     y           30    "EC_U1"  "EC_U1"  0.33856E+00  0.31348E-02  0.62696E-02  0.15674E-01  0.94044E-02  0.12539E-01  0.18809E-01  0.31348E-02  0.45455E+00  0.13793E+00
     y           30    "EC_U1"  "EC_U1"  0.33856E+00  0.31348E-02  0.62696E-02  0.15674E-01  0.94044E-02  0.12539E-01  0.18809E-01  0.31348E-02  0.45455E+00  0.13793E+00
     y           30    "EC_U1"  "EC_U1"  0.33856E+00  0.31348E-02  0.62696E-02  0.15674E-01  0.94044E-02  0.12539E-01  0.18809E-01  0.31348E-02  0.45455E+00  0.13793E+00
     y            2    "EC_M1"  "0"  0.41315E+00  0.98127E-06  0.77188E-01  0.71416E-01  0.86835E-01  0.92624E-01  0.18911E+00  0.30877E-01  0.23311E-01  0.15488E-01
     y            2    "EC_I"  "0"  0.41315E+00  0.98127E-06  0.77188E-01  0.71416E-01  0.86835E-01  0.92624E-01  0.18911E+00  0.30877E-01  0.23311E-01  0.15488E-01
     y           30    "0"  "EC_U1"  0.33856E+00  0.31348E-02  0.62696E-02  0.15674E-01  0.94044E-02  0.12539E-01  0.18809E-01  0.31348E-02  0.45455E+00  0.13793E+00
     y           31    "0"  "0"  0.51057E+00  0.98127E-06  0.42555E-01  0.57895E-04  0.48082E-04  0.52007E-04  0.63874E-01  0.19625E-04  0.23398E+00  0.14885E+00
     y           30    "EC_U1"  "EC_U1"  0.33856E+00  0.31348E-02  0.62696E-02  0.15674E-01  0.94044E-02  0.12539E-01  0.18809E-01  0.31348E-02  0.45455E+00  0.13793E+00
     y           30    "EC_U1"  "EC_U1"  0.33856E+00  0.31348E-02  0.62696E-02  0.15674E-01  0.94044E-02  0.12539E-01  0.18809E-01  0.31348E-02  0.45455E+00  0.13793E+00
     y           30    "EC_I"  "EC_U1"  0.33856E+00  0.31348E-02  0.62696E-02  0.15674E-01  0.94044E-02  0.12539E-01  0.18809E-01  0.31348E-02  0.45455E+00  0.13793E+00
     y           31    "EC_U1"  "0"  0.51057E+00  0.98127E-06  0.42555E-01  0.57895E-04  0.48082E-04  0.52007E-04  0.63874E-01  0.19625E-04  0.23398E+00  0.14885E+00
     y            2    "EC_I"  "0"  0.41315E+00  0.98127E-06  0.77188E-01  0.71416E-01  0.86835E-01  0.92624E-01  0.18911E+00  0.30877E-01  0.23311E-01  0.15488E-01
     y           30    "EC_I"  "EC_U1"  0.33856E+00  0.31348E-02  0.62696E-02  0.15674E-01  0.94044E-02  0.12539E-01  0.18809E-01  0.31348E-02  0.45455E+00  0.13793E+00
     y            2    "EC-m2"  "0"  0.41315E+00  0.98127E-06  0.77188E-01  0.71416E-01  0.86835E-01  0.92624E-01  0.18911E+00  0.30877E-01  0.23311E-01  0.15488E-01
     y            2    "0"  "0"  0.41315E+00  0.98127E-06  0.77188E-01  0.71416E-01  0.86835E-01  0.92624E-01  0.18911E+00  0.30877E-01  0.23311E-01  0.15488E-01
     y            2    "0"  "0"  0.41315E+00  0.98127E-06  0.77188E-01  0.71416E-01  0.86835E-01  0.92624E-01  0.18911E+00  0.30877E-01  0.23311E-01  0.15488E-01
     y           30    "0"  "EC_U1"  0.33856E+00  0.31348E-02  0.62696E-02  0.15674E-01  0.94044E-02  0.12539E-01  0.18809E-01  0.31348E-02  0.45455E+00  0.13793E+00
     y            2    "EC_M4"  "0"  0.41315E+00  0.98127E-06  0.77188E-01  0.71416E-01  0.86835E-01  0.92624E-01  0.18911E+00  0.30877E-01  0.23311E-01  0.15488E-01
     y            2    "EC_M4"  "0"  0.41315E+00  0.98127E-06  0.77188E-01  0.71416E-01  0.86835E-01  0.92624E-01  0.18911E+00  0.30877E-01  0.23311E-01  0.15488E-01
     y           14    "EC_U1"  "0"  0.46294E+00  0.98127E-06  0.18544E-01  0.31456E+00  0.18548E-01  0.18552E-01  0.37107E-01  0.55520E-01  0.55668E-01  0.18559E-01
     y           30    "EC_U1"  "EC_U1"  0.33856E+00  0.31348E-02  0.62696E-02  0.15674E-01  0.94044E-02  0.12539E-01  0.18809E-01  0.31348E-02  0.45455E+00  0.13793E+00
     y            2    "0"  "0"  0.41315E+00  0.98127E-06  0.77188E-01  0.71416E-01  0.86835E-01  0.92624E-01  0.18911E+00  0.30877E-01  0.23311E-01  0.15488E-01
     y           30    "0"  "EC_U1"  0.33856E+00  0.31348E-02  0.62696E-02  0.15674E-01  0.94044E-02  0.12539E-01  0.18809E-01  0.31348E-02  0.45455E+00  0.13793E+00
     y           30    "EC_U1"  "EC_U1"  0.33856E+00  0.31348E-02  0.62696E-02  0.15674E-01  0.94044E-02  0.12539E-01  0.18809E-01  0.31348E-02  0.45455E+00  0.13793E+00
     y           31    "EC_U1"  "0"  0.51057E+00  0.98127E-06  0.42555E-01  0.57895E-04  0.48082E-04  0.52007E-04  0.63874E-01  0.19625E-04  0.23398E+00  0.14885E+00
     y            2    "EC_M3"  "0"  0.41315E+00  0.98127E-06  0.77188E-01  0.71416E-01  0.86835E-01  0.92624E-01  0.18911E+00  0.30877E-01  0.23311E-01  0.15488E-01
     y            2    "EC_I"  "0"  0.41315E+00  0.98127E-06  0.77188E-01  0.71416E-01  0.86835E-01  0.92624E-01  0.18911E+00  0.30877E-01  0.23311E-01  0.15488E-01
     y           30    "EC_U1"  "EC_U1"  0.33856E+00  0.31348E-02  0.62696E-02  0.15674E-01  0.94044E-02  0.12539E-01  0.18809E-01  0.31348E-02  0.45455E+00  0.13793E+00
     y           30    "0"  "EC_U1"  0.33856E+00  0.31348E-02  0.62696E-02  0.15674E-01  0.94044E-02  0.12539E-01  0.18809E-01  0.31348E-02  0.45455E+00  0.13793E+00
     n            2    "NA"  "0"  0.41315E+00  0.98127E-06  0.77188E-01  0.71416E-01  0.86835E-01  0.92624E-01  0.18911E+00  0.30877E-01  0.23311E-01  0.15488E-01
     y           30    "EC_U1"  "EC_U1"  0.33856E+00  0.31348E-02  0.62696E-02  0.15674E-01  0.94044E-02  0.12539E-01  0.18809E-01  0.31348E-02  0.45455E+00  0.13793E+00
     y           14    "0"  "0"  0.46294E+00  0.98127E-06  0.18544E-01  0.31456E+00  0.18548E-01  0.18552E-01  0.37107E-01  0.55520E-01  0.55668E-01  0.18559E-01
     y           30    "EC_M3"  "EC_U1"  0.33856E+00  0.31348E-02  0.62696E-02  0.15674E-01  0.94044E-02  0.12539E-01  0.18809E-01  0.31348E-02  0.45455E+00  0.13793E+00
     y            2    "EC_U2"  "0"  0.41315E+00  0.98127E-06  0.77188E-01  0.71416E-01  0.86835E-01  0.92624E-01  0.18911E+00  0.30877E-01  0.23311E-01  0.15488E-01
     y           30    "EC_U1"  "EC_U1"  0.33856E+00  0.31348E-02  0.62696E-02  0.15674E-01  0.94044E-02  0.12539E-01  0.18809E-01  0.31348E-02  0.45455E+00  0.13793E+00
     y            2    "EC-m2"  "0"  0.41315E+00  0.98127E-06  0.77188E-01  0.71416E-01  0.86835E-01  0.92624E-01  0.18911E+00  0.30877E-01  0.23311E-01  0.15488E-01
     y            2    "0"  "0"  0.41315E+00  0.98127E-06  0.77188E-01  0.71416E-01  0.86835E-01  0.92624E-01  0.18911E+00  0.30877E-01  0.23311E-01  0.15488E-01
     y           31    "EC_U2"  "0"  0.51057E+00  0.98127E-06  0.42555E-01  0.57895E-04  0.48082E-04  0.52007E-04  0.63874E-01  0.19625E-04  0.23398E+00  0.14885E+00
     y           30    "0"  "EC_U1"  0.33856E+00  0.31348E-02  0.62696E-02  0.15674E-01  0.94044E-02  0.12539E-01  0.18809E-01  0.31348E-02  0.45455E+00  0.13793E+00
     y            2    "EC_M4"  "0"  0.41315E+00  0.98127E-06  0.77188E-01  0.71416E-01  0.86835E-01  0.92624E-01  0.18911E+00  0.30877E-01  0.23311E-01  0.15488E-01
     y            2    "EC_M1"  "0"  0.41315E+00  0.98127E-06  0.77188E-01  0.71416E-01  0.86835E-01  0.92624E-01  0.18911E+00  0.30877E-01  0.23311E-01  0.15488E-01
     y            2    "0"  "0"  0.41315E+00  0.98127E-06  0.77188E-01  0.71416E-01  0.86835E-01  0.92624E-01  0.18911E+00  0.30877E-01  0.23311E-01  0.15488E-01
     y           30    "EC_U1"  "EC_U1"  0.33856E+00  0.31348E-02  0.62696E-02  0.15674E-01  0.94044E-02  0.12539E-01  0.18809E-01  0.31348E-02  0.45455E+00  0.13793E+00
     y            2    "0"  "0"  0.41315E+00  0.98127E-06  0.77188E-01  0.71416E-01  0.86835E-01  0.92624E-01  0.18911E+00  0.30877E-01  0.23311E-01  0.15488E-01
     y            6    "0"  "0"  0.99944E+00  0.98127E-06  0.44157E-04  0.57895E-04  0.48082E-04  0.52007E-04  0.10696E-03  0.19625E-04  0.16780E-03  0.58876E-04
     y           30    "0"  "EC_U1"  0.33856E+00  0.31348E-02  0.62696E-02  0.15674E-01  0.94044E-02  0.12539E-01  0.18809E-01  0.31348E-02  0.45455E+00  0.13793E+00
     y            2    "0"  "0"  0.41315E+00  0.98127E-06  0.77188E-01  0.71416E-01  0.86835E-01  0.92624E-01  0.18911E+00  0.30877E-01  0.23311E-01  0.15488E-01
     y           30    "0"  "EC_U1"  0.33856E+00  0.31348E-02  0.62696E-02  0.15674E-01  0.94044E-02  0.12539E-01  0.18809E-01  0.31348E-02  0.45455E+00  0.13793E+00
     n            2    "NA"  "0"  0.41315E+00  0.98127E-06  0.77188E-01  0.71416E-01  0.86835E-01  0.92624E-01  0.18911E+00  0.30877E-01  0.23311E-01  0.15488E-01
     y           31    "EC_U1"  "0"  0.51057E+00  0.98127E-06  0.42555E-01  0.57895E-04  0.48082E-04  0.52007E-04  0.63874E-01  0.19625E-04  0.23398E+00  0.14885E+00
     y           30    "EC_U2"  "EC_U1"  0.33856E+00  0.31348E-02  0.62696E-02  0.15674E-01  0.94044E-02  0.12539E-01  0.18809E-01  0.31348E-02  0.45455E+00  0.13793E+00
     y           30    "0"  "EC_U1"  0.33856E+00  0.31348E-02  0.62696E-02  0.15674E-01  0.94044E-02  0.12539E-01  0.18809E-01  0.31348E-02  0.45455E+00  0.13793E+00
     y            2    "0"  "0"  0.41315E+00  0.98127E-06  0.77188E-01  0.71416E-01  0.86835E-01  0.92624E-01  0.18911E+00  0.30877E-01  0.23311E-01  0.15488E-01
     y            2    "0"  "0"  0.41315E+00  0.98127E-06  0.77188E-01  0.71416E-01  0.86835E-01  0.92624E-01  0.18911E+00  0.30877E-01  0.23311E-01  0.15488E-01
     y           30    "EC_U1"  "EC_U1"  0.33856E+00  0.31348E-02  0.62696E-02  0.15674E-01  0.94044E-02  0.12539E-01  0.18809E-01  0.31348E-02  0.45455E+00  0.13793E+00
     y           14    "EC_M4"  "0"  0.46294E+00  0.98127E-06  0.18544E-01  0.31456E+00  0.18548E-01  0.18552E-01  0.37107E-01  0.55520E-01  0.55668E-01  0.18559E-01
     y           31    "0"  "0"  0.51057E+00  0.98127E-06  0.42555E-01  0.57895E-04  0.48082E-04  0.52007E-04  0.63874E-01  0.19625E-04  0.23398E+00  0.14885E+00
     y            2    "0"  "0"  0.41315E+00  0.98127E-06  0.77188E-01  0.71416E-01  0.86835E-01  0.92624E-01  0.18911E+00  0.30877E-01  0.23311E-01  0.15488E-01
     y            2    "0"  "0"  0.41315E+00  0.98127E-06  0.77188E-01  0.71416E-01  0.86835E-01  0.92624E-01  0.18911E+00  0.30877E-01  0.23311E-01  0.15488E-01
     y            2    "EC_M4"  "0"  0.41315E+00  0.98127E-06  0.77188E-01  0.71416E-01  0.86835E-01  0.92624E-01  0.18911E+00  0.30877E-01  0.23311E-01  0.15488E-01
     y            2    "0"  "0"  0.41315E+00  0.98127E-06  0.77188E-01  0.71416E-01  0.86835E-01  0.92624E-01  0.18911E+00  0.30877E-01  0.23311E-01  0.15488E-01
     y            2    "0"  "0"  0.41315E+00  0.98127E-06  0.77188E-01  0.71416E-01  0.86835E-01  0.92624E-01  0.18911E+00  0.30877E-01  0.23311E-01  0.15488E-01
     y           30    "EC_U1"  "EC_U1"  0.33856E+00  0.31348E-02  0.62696E-02  0.15674E-01  0.94044E-02  0.12539E-01  0.18809E-01  0.31348E-02  0.45455E+00  0.13793E+00
     y            2    "0"  "0"  0.41315E+00  0.98127E-06  0.77188E-01  0.71416E-01  0.86835E-01  0.92624E-01  0.18911E+00  0.30877E-01  0.23311E-01  0.15488E-01
     y            2    "0"  "0"  0.41315E+00  0.98127E-06  0.77188E-01  0.71416E-01  0.86835E-01  0.92624E-01  0.18911E+00  0.30877E-01  0.23311E-01  0.15488E-01
     y            2    "0"  "0"  0.41315E+00  0.98127E-06  0.77188E-01  0.71416E-01  0.86835E-01  0.92624E-01  0.18911E+00  0.30877E-01  0.23311E-01  0.15488E-01
     y           14    "0"  "0"  0.46294E+00  0.98127E-06  0.18544E-01  0.31456E+00  0.18548E-01  0.18552E-01  0.37107E-01  0.55520E-01  0.55668E-01  0.18559E-01
     y            2    "EC_M4"  "0"  0.41315E+00  0.98127E-06  0.77188E-01  0.71416E-01  0.86835E-01  0.92624E-01  0.18911E+00  0.30877E-01  0.23311E-01  0.15488E-01
     y           30    "0"  "EC_U1"  0.33856E+00  0.31348E-02  0.62696E-02  0.15674E-01  0.94044E-02  0.12539E-01  0.18809E-01  0.31348E-02  0.45455E+00  0.13793E+00
     y            2    "EC-m2"  "0"  0.41315E+00  0.98127E-06  0.77188E-01  0.71416E-01  0.86835E-01  0.92624E-01  0.18911E+00  0.30877E-01  0.23311E-01  0.15488E-01
     y            2    "EC_M3"  "0"  0.41315E+00  0.98127E-06  0.77188E-01  0.71416E-01  0.86835E-01  0.92624E-01  0.18911E+00  0.30877E-01  0.23311E-01  0.15488E-01
     y            2    "EC_M3"  "0"  0.41315E+00  0.98127E-06  0.77188E-01  0.71416E-01  0.86835E-01  0.92624E-01  0.18911E+00  0.30877E-01  0.23311E-01  0.15488E-01
     y            2    "EC_M4"  "0"  0.41315E+00  0.98127E-06  0.77188E-01  0.71416E-01  0.86835E-01  0.92624E-01  0.18911E+00  0.30877E-01  0.23311E-01  0.15488E-01
     y            2    "EC_I"  "0"  0.41315E+00  0.98127E-06  0.77188E-01  0.71416E-01  0.86835E-01  0.92624E-01  0.18911E+00  0.30877E-01  0.23311E-01  0.15488E-01
     y            2    "EC_M4"  "0"  0.41315E+00  0.98127E-06  0.77188E-01  0.71416E-01  0.86835E-01  0.92624E-01  0.18911E+00  0.30877E-01  0.23311E-01  0.15488E-01
     y            2    "EC_M1"  "0"  0.41315E+00  0.98127E-06  0.77188E-01  0.71416E-01  0.86835E-01  0.92624E-01  0.18911E+00  0.30877E-01  0.23311E-01  0.15488E-01
     y            2    "EC_M4"  "0"  0.41315E+00  0.98127E-06  0.77188E-01  0.71416E-01  0.86835E-01  0.92624E-01  0.18911E+00  0.30877E-01  0.23311E-01  0.15488E-01
     y           30    "EC_U2"  "EC_U1"  0.33856E+00  0.31348E-02  0.62696E-02  0.15674E-01  0.94044E-02  0.12539E-01  0.18809E-01  0.31348E-02  0.45455E+00  0.13793E+00
     y            2    "0"  "0"  0.41315E+00  0.98127E-06  0.77188E-01  0.71416E-01  0.86835E-01  0.92624E-01  0.18911E+00  0.30877E-01  0.23311E-01  0.15488E-01
     y            2    "EC_M3"  "0"  0.41315E+00  0.98127E-06  0.77188E-01  0.71416E-01  0.86835E-01  0.92624E-01  0.18911E+00  0.30877E-01  0.23311E-01  0.15488E-01
     y            2    "EC_M3"  "0"  0.41315E+00  0.98127E-06  0.77188E-01  0.71416E-01  0.86835E-01  0.92624E-01  0.18911E+00  0.30877E-01  0.23311E-01  0.15488E-01
     y            2    "EC_M4"  "0"  0.41315E+00  0.98127E-06  0.77188E-01  0.71416E-01  0.86835E-01  0.92624E-01  0.18911E+00  0.30877E-01  0.23311E-01  0.15488E-01
     n            2    "NA"  "0"  0.41315E+00  0.98127E-06  0.77188E-01  0.71416E-01  0.86835E-01  0.92624E-01  0.18911E+00  0.30877E-01  0.23311E-01  0.15488E-01
     y           30    "EC_U1"  "EC_U1"  0.33856E+00  0.31348E-02  0.62696E-02  0.15674E-01  0.94044E-02  0.12539E-01  0.18809E-01  0.31348E-02  0.45455E+00  0.13793E+00
     y           30    "EC_U1"  "EC_U1"  0.33856E+00  0.31348E-02  0.62696E-02  0.15674E-01  0.94044E-02  0.12539E-01  0.18809E-01  0.31348E-02  0.45455E+00  0.13793E+00
     y            2    "EC-m2"  "0"  0.41315E+00  0.98127E-06  0.77188E-01  0.71416E-01  0.86835E-01  0.92624E-01  0.18911E+00  0.30877E-01  0.23311E-01  0.15488E-01
     y            2    "EC_M3"  "0"  0.41315E+00  0.98127E-06  0.77188E-01  0.71416E-01  0.86835E-01  0.92624E-01  0.18911E+00  0.30877E-01  0.23311E-01  0.15488E-01
     y           30    "0"  "EC_U1"  0.33856E+00  0.31348E-02  0.62696E-02  0.15674E-01  0.94044E-02  0.12539E-01  0.18809E-01  0.31348E-02  0.45455E+00  0.13793E+00
     y           30    "0"  "EC_U1"  0.33856E+00  0.31348E-02  0.62696E-02  0.15674E-01  0.94044E-02  0.12539E-01  0.18809E-01  0.31348E-02  0.45455E+00  0.13793E+00
     y           30    "EC_U2"  "EC_U1"  0.33856E+00  0.31348E-02  0.62696E-02  0.15674E-01  0.94044E-02  0.12539E-01  0.18809E-01  0.31348E-02  0.45455E+00  0.13793E+00
     y           30    "EC_U2"  "EC_U1"  0.33856E+00  0.31348E-02  0.62696E-02  0.15674E-01  0.94044E-02  0.12539E-01  0.18809E-01  0.31348E-02  0.45455E+00  0.13793E+00
     y           31    "0"  "0"  0.51057E+00  0.98127E-06  0.42555E-01  0.57895E-04  0.48082E-04  0.52007E-04  0.63874E-01  0.19625E-04  0.23398E+00  0.14885E+00
     n           31    "NA"  "0"  0.51057E+00  0.98127E-06  0.42555E-01  0.57895E-04  0.48082E-04  0.52007E-04  0.63874E-01  0.19625E-04  0.23398E+00  0.14885E+00
     n            2    "NA"  "0"  0.41315E+00  0.98127E-06  0.77188E-01  0.71416E-01  0.86835E-01  0.92624E-01  0.18911E+00  0.30877E-01  0.23311E-01  0.15488E-01
     y            2    "0"  "0"  0.41315E+00  0.98127E-06  0.77188E-01  0.71416E-01  0.86835E-01  0.92624E-01  0.18911E+00  0.30877E-01  0.23311E-01  0.15488E-01
     n            2    "NA"  "0"  0.41315E+00  0.98127E-06  0.77188E-01  0.71416E-01  0.86835E-01  0.92624E-01  0.18911E+00  0.30877E-01  0.23311E-01  0.15488E-01
     y            2    "EC_M1"  "0"  0.41315E+00  0.98127E-06  0.77188E-01  0.71416E-01  0.86835E-01  0.92624E-01  0.18911E+00  0.30877E-01  0.23311E-01  0.15488E-01
     y            2    "EC_M3"  "0"  0.41315E+00  0.98127E-06  0.77188E-01  0.71416E-01  0.86835E-01  0.92624E-01  0.18911E+00  0.30877E-01  0.23311E-01  0.15488E-01
     n            2    "NA"  "0"  0.41315E+00  0.98127E-06  0.77188E-01  0.71416E-01  0.86835E-01  0.92624E-01  0.18911E+00  0.30877E-01  0.23311E-01  0.15488E-01
     y            2    "EC_M4"  "0"  0.41315E+00  0.98127E-06  0.77188E-01  0.71416E-01  0.86835E-01  0.92624E-01  0.18911E+00  0.30877E-01  0.23311E-01  0.15488E-01
     y            2    "EC-m2"  "0"  0.41315E+00  0.98127E-06  0.77188E-01  0.71416E-01  0.86835E-01  0.92624E-01  0.18911E+00  0.30877E-01  0.23311E-01  0.15488E-01
     n            2    "NA"  "0"  0.41315E+00  0.98127E-06  0.77188E-01  0.71416E-01  0.86835E-01  0.92624E-01  0.18911E+00  0.30877E-01  0.23311E-01  0.15488E-01
     y           31    "0"  "0"  0.51057E+00  0.98127E-06  0.42555E-01  0.57895E-04  0.48082E-04  0.52007E-04  0.63874E-01  0.19625E-04  0.23398E+00  0.14885E+00
     y            2    "EC_M1"  "0"  0.41315E+00  0.98127E-06  0.77188E-01  0.71416E-01  0.86835E-01  0.92624E-01  0.18911E+00  0.30877E-01  0.23311E-01  0.15488E-01
     y            2    "0"  "0"  0.41315E+00  0.98127E-06  0.77188E-01  0.71416E-01  0.86835E-01  0.92624E-01  0.18911E+00  0.30877E-01  0.23311E-01  0.15488E-01
     y            2    "0"  "0"  0.41315E+00  0.98127E-06  0.77188E-01  0.71416E-01  0.86835E-01  0.92624E-01  0.18911E+00  0.30877E-01  0.23311E-01  0.15488E-01
     y            2    "0"  "0"  0.41315E+00  0.98127E-06  0.77188E-01  0.71416E-01  0.86835E-01  0.92624E-01  0.18911E+00  0.30877E-01  0.23311E-01  0.15488E-01
     y            2    "0"  "0"  0.41315E+00  0.98127E-06  0.77188E-01  0.71416E-01  0.86835E-01  0.92624E-01  0.18911E+00  0.30877E-01  0.23311E-01  0.15488E-01
     y           14    "0"  "0"  0.46294E+00  0.98127E-06  0.18544E-01  0.31456E+00  0.18548E-01  0.18552E-01  0.37107E-01  0.55520E-01  0.55668E-01  0.18559E-01
     y            2    "EC_M3"  "0"  0.41315E+00  0.98127E-06  0.77188E-01  0.71416E-01  0.86835E-01  0.92624E-01  0.18911E+00  0.30877E-01  0.23311E-01  0.15488E-01
     y            2    "EC_M3"  "0"  0.41315E+00  0.98127E-06  0.77188E-01  0.71416E-01  0.86835E-01  0.92624E-01  0.18911E+00  0.30877E-01  0.23311E-01  0.15488E-01
     y           31    "0"  "0"  0.51057E+00  0.98127E-06  0.42555E-01  0.57895E-04  0.48082E-04  0.52007E-04  0.63874E-01  0.19625E-04  0.23398E+00  0.14885E+00
     y            2    "0"  "0"  0.41315E+00  0.98127E-06  0.77188E-01  0.71416E-01  0.86835E-01  0.92624E-01  0.18911E+00  0.30877E-01  0.23311E-01  0.15488E-01
     y            2    "0"  "0"  0.41315E+00  0.98127E-06  0.77188E-01  0.71416E-01  0.86835E-01  0.92624E-01  0.18911E+00  0.30877E-01  0.23311E-01  0.15488E-01
     y            2    "0"  "0"  0.41315E+00  0.98127E-06  0.77188E-01  0.71416E-01  0.86835E-01  0.92624E-01  0.18911E+00  0.30877E-01  0.23311E-01  0.15488E-01
     n            2    "NA"  "0"  0.41315E+00  0.98127E-06  0.77188E-01  0.71416E-01  0.86835E-01  0.92624E-01  0.18911E+00  0.30877E-01  0.23311E-01  0.15488E-01
     n           31    "NA"  "0"  0.51057E+00  0.98127E-06  0.42555E-01  0.57895E-04  0.48082E-04  0.52007E-04  0.63874E-01  0.19625E-04  0.23398E+00  0.14885E+00
     y            2    "0"  "0"  0.41315E+00  0.98127E-06  0.77188E-01  0.71416E-01  0.86835E-01  0.92624E-01  0.18911E+00  0.30877E-01  0.23311E-01  0.15488E-01
     y           14    "EC_O"  "0"  0.46294E+00  0.98127E-06  0.18544E-01  0.31456E+00  0.18548E-01  0.18552E-01  0.37107E-01  0.55520E-01  0.55668E-01  0.18559E-01
     n            2    "NA"  "0"  0.41315E+00  0.98127E-06  0.77188E-01  0.71416E-01  0.86835E-01  0.92624E-01  0.18911E+00  0.30877E-01  0.23311E-01  0.15488E-01
     y            2    "0"  "0"  0.41315E+00  0.98127E-06  0.77188E-01  0.71416E-01  0.86835E-01  0.92624E-01  0.18911E+00  0.30877E-01  0.23311E-01  0.15488E-01
     y           30    "0"  "EC_U1"  0.33856E+00  0.31348E-02  0.62696E-02  0.15674E-01  0.94044E-02  0.12539E-01  0.18809E-01  0.31348E-02  0.45455E+00  0.13793E+00
     y            2    "0"  "0"  0.41315E+00  0.98127E-06  0.77188E-01  0.71416E-01  0.86835E-01  0.92624E-01  0.18911E+00  0.30877E-01  0.23311E-01  0.15488E-01
     y            2    "EC_U2"  "0"  0.41315E+00  0.98127E-06  0.77188E-01  0.71416E-01  0.86835E-01  0.92624E-01  0.18911E+00  0.30877E-01  0.23311E-01  0.15488E-01
     n           31    "NA"  "0"  0.51057E+00  0.98127E-06  0.42555E-01  0.57895E-04  0.48082E-04  0.52007E-04  0.63874E-01  0.19625E-04  0.23398E+00  0.14885E+00
     y           14    "EC_U1"  "0"  0.46294E+00  0.98127E-06  0.18544E-01  0.31456E+00  0.18548E-01  0.18552E-01  0.37107E-01  0.55520E-01  0.55668E-01  0.18559E-01
     y           30    "0"  "EC_U1"  0.33856E+00  0.31348E-02  0.62696E-02  0.15674E-01  0.94044E-02  0.12539E-01  0.18809E-01  0.31348E-02  0.45455E+00  0.13793E+00
     y            2    "0"  "0"  0.41315E+00  0.98127E-06  0.77188E-01  0.71416E-01  0.86835E-01  0.92624E-01  0.18911E+00  0.30877E-01  0.23311E-01  0.15488E-01
     y            2    "EC_M1"  "0"  0.41315E+00  0.98127E-06  0.77188E-01  0.71416E-01  0.86835E-01  0.92624E-01  0.18911E+00  0.30877E-01  0.23311E-01  0.15488E-01
     y            2    "0"  "0"  0.41315E+00  0.98127E-06  0.77188E-01  0.71416E-01  0.86835E-01  0.92624E-01  0.18911E+00  0.30877E-01  0.23311E-01  0.15488E-01
     y           30    "0"  "EC_U1"  0.33856E+00  0.31348E-02  0.62696E-02  0.15674E-01  0.94044E-02  0.12539E-01  0.18809E-01  0.31348E-02  0.45455E+00  0.13793E+00
     n           31    "NA"  "0"  0.51057E+00  0.98127E-06  0.42555E-01  0.57895E-04  0.48082E-04  0.52007E-04  0.63874E-01  0.19625E-04  0.23398E+00  0.14885E+00
     n            2    "NA"  "0"  0.41315E+00  0.98127E-06  0.77188E-01  0.71416E-01  0.86835E-01  0.92624E-01  0.18911E+00  0.30877E-01  0.23311E-01  0.15488E-01
     y           30    "0"  "EC_U1"  0.33856E+00  0.31348E-02  0.62696E-02  0.15674E-01  0.94044E-02  0.12539E-01  0.18809E-01  0.31348E-02  0.45455E+00  0.13793E+00
     y           30    "0"  "EC_U1"  0.33856E+00  0.31348E-02  0.62696E-02  0.15674E-01  0.94044E-02  0.12539E-01  0.18809E-01  0.31348E-02  0.45455E+00  0.13793E+00
     y            2    "EC_M4"  "0"  0.41315E+00  0.98127E-06  0.77188E-01  0.71416E-01  0.86835E-01  0.92624E-01  0.18911E+00  0.30877E-01  0.23311E-01  0.15488E-01
     y           30    "0"  "EC_U1"  0.33856E+00  0.31348E-02  0.62696E-02  0.15674E-01  0.94044E-02  0.12539E-01  0.18809E-01  0.31348E-02  0.45455E+00  0.13793E+00
     y            2    "0"  "0"  0.41315E+00  0.98127E-06  0.77188E-01  0.71416E-01  0.86835E-01  0.92624E-01  0.18911E+00  0.30877E-01  0.23311E-01  0.15488E-01
     y            2    "0"  "0"  0.41315E+00  0.98127E-06  0.77188E-01  0.71416E-01  0.86835E-01  0.92624E-01  0.18911E+00  0.30877E-01  0.23311E-01  0.15488E-01
     y            2    "0"  "0"  0.41315E+00  0.98127E-06  0.77188E-01  0.71416E-01  0.86835E-01  0.92624E-01  0.18911E+00  0.30877E-01  0.23311E-01  0.15488E-01
     n            2    "NA"  "0"  0.41315E+00  0.98127E-06  0.77188E-01  0.71416E-01  0.86835E-01  0.92624E-01  0.18911E+00  0.30877E-01  0.23311E-01  0.15488E-01
     y            2    "EC_I"  "0"  0.41315E+00  0.98127E-06  0.77188E-01  0.71416E-01  0.86835E-01  0.92624E-01  0.18911E+00  0.30877E-01  0.23311E-01  0.15488E-01
     y            2    "0"  "0"  0.41315E+00  0.98127E-06  0.77188E-01  0.71416E-01  0.86835E-01  0.92624E-01  0.18911E+00  0.30877E-01  0.23311E-01  0.15488E-01
     y            2    "0"  "0"  0.41315E+00  0.98127E-06  0.77188E-01  0.71416E-01  0.86835E-01  0.92624E-01  0.18911E+00  0.30877E-01  0.23311E-01  0.15488E-01
     y           30    "0"  "EC_U1"  0.33856E+00  0.31348E-02  0.62696E-02  0.15674E-01  0.94044E-02  0.12539E-01  0.18809E-01  0.31348E-02  0.45455E+00  0.13793E+00
     y            2    "EC_O"  "0"  0.41315E+00  0.98127E-06  0.77188E-01  0.71416E-01  0.86835E-01  0.92624E-01  0.18911E+00  0.30877E-01  0.23311E-01  0.15488E-01
     y            2    "EC_U2"  "0"  0.41315E+00  0.98127E-06  0.77188E-01  0.71416E-01  0.86835E-01  0.92624E-01  0.18911E+00  0.30877E-01  0.23311E-01  0.15488E-01
     y           30    "EC_U2"  "EC_U1"  0.33856E+00  0.31348E-02  0.62696E-02  0.15674E-01  0.94044E-02  0.12539E-01  0.18809E-01  0.31348E-02  0.45455E+00  0.13793E+00
     y            2    "EC_M3"  "0"  0.41315E+00  0.98127E-06  0.77188E-01  0.71416E-01  0.86835E-01  0.92624E-01  0.18911E+00  0.30877E-01  0.23311E-01  0.15488E-01
     y           30    "EC_U1"  "EC_U1"  0.33856E+00  0.31348E-02  0.62696E-02  0.15674E-01  0.94044E-02  0.12539E-01  0.18809E-01  0.31348E-02  0.45455E+00  0.13793E+00
     y           30    "0"  "EC_U1"  0.33856E+00  0.31348E-02  0.62696E-02  0.15674E-01  0.94044E-02  0.12539E-01  0.18809E-01  0.31348E-02  0.45455E+00  0.13793E+00
     y            2    "0"  "0"  0.41315E+00  0.98127E-06  0.77188E-01  0.71416E-01  0.86835E-01  0.92624E-01  0.18911E+00  0.30877E-01  0.23311E-01  0.15488E-01
     y           30    "0"  "EC_U1"  0.33856E+00  0.31348E-02  0.62696E-02  0.15674E-01  0.94044E-02  0.12539E-01  0.18809E-01  0.31348E-02  0.45455E+00  0.13793E+00
     y            2    "EC-m2"  "0"  0.41315E+00  0.98127E-06  0.77188E-01  0.71416E-01  0.86835E-01  0.92624E-01  0.18911E+00  0.30877E-01  0.23311E-01  0.15488E-01
     y            2    "EC_M4"  "0"  0.41315E+00  0.98127E-06  0.77188E-01  0.71416E-01  0.86835E-01  0.92624E-01  0.18911E+00  0.30877E-01  0.23311E-01  0.15488E-01
     y            2    "EC_U1"  "0"  0.41315E+00  0.98127E-06  0.77188E-01  0.71416E-01  0.86835E-01  0.92624E-01  0.18911E+00  0.30877E-01  0.23311E-01  0.15488E-01
     y            6    "0"  "0"  0.99944E+00  0.98127E-06  0.44157E-04  0.57895E-04  0.48082E-04  0.52007E-04  0.10696E-03  0.19625E-04  0.16780E-03  0.58876E-04
     y           31    "0"  "0"  0.51057E+00  0.98127E-06  0.42555E-01  0.57895E-04  0.48082E-04  0.52007E-04  0.63874E-01  0.19625E-04  0.23398E+00  0.14885E+00
     y            2    "EC_M1"  "0"  0.41315E+00  0.98127E-06  0.77188E-01  0.71416E-01  0.86835E-01  0.92624E-01  0.18911E+00  0.30877E-01  0.23311E-01  0.15488E-01
     y           30    "EC_U1"  "EC_U1"  0.33856E+00  0.31348E-02  0.62696E-02  0.15674E-01  0.94044E-02  0.12539E-01  0.18809E-01  0.31348E-02  0.45455E+00  0.13793E+00
     y           30    "EC_U1"  "EC_U1"  0.33856E+00  0.31348E-02  0.62696E-02  0.15674E-01  0.94044E-02  0.12539E-01  0.18809E-01  0.31348E-02  0.45455E+00  0.13793E+00
     y            2    "0"  "0"  0.41315E+00  0.98127E-06  0.77188E-01  0.71416E-01  0.86835E-01  0.92624E-01  0.18911E+00  0.30877E-01  0.23311E-01  0.15488E-01
     y            6    "0"  "0"  0.99944E+00  0.98127E-06  0.44157E-04  0.57895E-04  0.48082E-04  0.52007E-04  0.10696E-03  0.19625E-04  0.16780E-03  0.58876E-04
     y           30    "EC_U1"  "EC_U1"  0.33856E+00  0.31348E-02  0.62696E-02  0.15674E-01  0.94044E-02  0.12539E-01  0.18809E-01  0.31348E-02  0.45455E+00  0.13793E+00
     y           30    "EC_U1"  "EC_U1"  0.33856E+00  0.31348E-02  0.62696E-02  0.15674E-01  0.94044E-02  0.12539E-01  0.18809E-01  0.31348E-02  0.45455E+00  0.13793E+00
     y           30    "EC_U1"  "EC_U1"  0.33856E+00  0.31348E-02  0.62696E-02  0.15674E-01  0.94044E-02  0.12539E-01  0.18809E-01  0.31348E-02  0.45455E+00  0.13793E+00
     y            2    "EC_M3"  "0"  0.41315E+00  0.98127E-06  0.77188E-01  0.71416E-01  0.86835E-01  0.92624E-01  0.18911E+00  0.30877E-01  0.23311E-01  0.15488E-01
     y            6    "0"  "0"  0.99944E+00  0.98127E-06  0.44157E-04  0.57895E-04  0.48082E-04  0.52007E-04  0.10696E-03  0.19625E-04  0.16780E-03  0.58876E-04
     y            2    "EC_O"  "0"  0.41315E+00  0.98127E-06  0.77188E-01  0.71416E-01  0.86835E-01  0.92624E-01  0.18911E+00  0.30877E-01  0.23311E-01  0.15488E-01
     y           30    "0"  "EC_U1"  0.33856E+00  0.31348E-02  0.62696E-02  0.15674E-01  0.94044E-02  0.12539E-01  0.18809E-01  0.31348E-02  0.45455E+00  0.13793E+00
     y            2    "EC_M1"  "0"  0.41315E+00  0.98127E-06  0.77188E-01  0.71416E-01  0.86835E-01  0.92624E-01  0.18911E+00  0.30877E-01  0.23311E-01  0.15488E-01
     y            2    "EC_M4"  "0"  0.41315E+00  0.98127E-06  0.77188E-01  0.71416E-01  0.86835E-01  0.92624E-01  0.18911E+00  0.30877E-01  0.23311E-01  0.15488E-01
     n            2    "NA"  "0"  0.41315E+00  0.98127E-06  0.77188E-01  0.71416E-01  0.86835E-01  0.92624E-01  0.18911E+00  0.30877E-01  0.23311E-01  0.15488E-01
     y            2    "0"  "0"  0.41315E+00  0.98127E-06  0.77188E-01  0.71416E-01  0.86835E-01  0.92624E-01  0.18911E+00  0.30877E-01  0.23311E-01  0.15488E-01
     y            2    "0"  "0"  0.41315E+00  0.98127E-06  0.77188E-01  0.71416E-01  0.86835E-01  0.92624E-01  0.18911E+00  0.30877E-01  0.23311E-01  0.15488E-01
     n            2    "NA"  "0"  0.41315E+00  0.98127E-06  0.77188E-01  0.71416E-01  0.86835E-01  0.92624E-01  0.18911E+00  0.30877E-01  0.23311E-01  0.15488E-01
     n            2    "NA"  "0"  0.41315E+00  0.98127E-06  0.77188E-01  0.71416E-01  0.86835E-01  0.92624E-01  0.18911E+00  0.30877E-01  0.23311E-01  0.15488E-01
     y           30    "EC_U1"  "EC_U1"  0.33856E+00  0.31348E-02  0.62696E-02  0.15674E-01  0.94044E-02  0.12539E-01  0.18809E-01  0.31348E-02  0.45455E+00  0.13793E+00
     y           30    "0"  "EC_U1"  0.33856E+00  0.31348E-02  0.62696E-02  0.15674E-01  0.94044E-02  0.12539E-01  0.18809E-01  0.31348E-02  0.45455E+00  0.13793E+00
     y           30    "EC_U1"  "EC_U1"  0.33856E+00  0.31348E-02  0.62696E-02  0.15674E-01  0.94044E-02  0.12539E-01  0.18809E-01  0.31348E-02  0.45455E+00  0.13793E+00
     y            2    "EC_M4"  "0"  0.41315E+00  0.98127E-06  0.77188E-01  0.71416E-01  0.86835E-01  0.92624E-01  0.18911E+00  0.30877E-01  0.23311E-01  0.15488E-01
     n            2    "NA"  "0"  0.41315E+00  0.98127E-06  0.77188E-01  0.71416E-01  0.86835E-01  0.92624E-01  0.18911E+00  0.30877E-01  0.23311E-01  0.15488E-01
     y            2    "EC_M3"  "0"  0.41315E+00  0.98127E-06  0.77188E-01  0.71416E-01  0.86835E-01  0.92624E-01  0.18911E+00  0.30877E-01  0.23311E-01  0.15488E-01
     y           14    "EC_I"  "0"  0.46294E+00  0.98127E-06  0.18544E-01  0.31456E+00  0.18548E-01  0.18552E-01  0.37107E-01  0.55520E-01  0.55668E-01  0.18559E-01
     n           31    "NA"  "0"  0.51057E+00  0.98127E-06  0.42555E-01  0.57895E-04  0.48082E-04  0.52007E-04  0.63874E-01  0.19625E-04  0.23398E+00  0.14885E+00
     y            2    "EC-m2"  "0"  0.41315E+00  0.98127E-06  0.77188E-01  0.71416E-01  0.86835E-01  0.92624E-01  0.18911E+00  0.30877E-01  0.23311E-01  0.15488E-01
     y            2    "EC_M1"  "0"  0.41315E+00  0.98127E-06  0.77188E-01  0.71416E-01  0.86835E-01  0.92624E-01  0.18911E+00  0.30877E-01  0.23311E-01  0.15488E-01
     y           30    "EC_U2"  "EC_U1"  0.33856E+00  0.31348E-02  0.62696E-02  0.15674E-01  0.94044E-02  0.12539E-01  0.18809E-01  0.31348E-02  0.45455E+00  0.13793E+00
     y           30    "EC_U1"  "EC_U1"  0.33856E+00  0.31348E-02  0.62696E-02  0.15674E-01  0.94044E-02  0.12539E-01  0.18809E-01  0.31348E-02  0.45455E+00  0.13793E+00
     y            2    "EC_M4"  "0"  0.41315E+00  0.98127E-06  0.77188E-01  0.71416E-01  0.86835E-01  0.92624E-01  0.18911E+00  0.30877E-01  0.23311E-01  0.15488E-01
     n           31    "NA"  "0"  0.51057E+00  0.98127E-06  0.42555E-01  0.57895E-04  0.48082E-04  0.52007E-04  0.63874E-01  0.19625E-04  0.23398E+00  0.14885E+00
     y            2    "EC_M3"  "0"  0.41315E+00  0.98127E-06  0.77188E-01  0.71416E-01  0.86835E-01  0.92624E-01  0.18911E+00  0.30877E-01  0.23311E-01  0.15488E-01
     y            2    "EC_M4"  "0"  0.41315E+00  0.98127E-06  0.77188E-01  0.71416E-01  0.86835E-01  0.92624E-01  0.18911E+00  0.30877E-01  0.23311E-01  0.15488E-01
     y            2    "0"  "0"  0.41315E+00  0.98127E-06  0.77188E-01  0.71416E-01  0.86835E-01  0.92624E-01  0.18911E+00  0.30877E-01  0.23311E-01  0.15488E-01
     y            2    "EC-m2"  "0"  0.41315E+00  0.98127E-06  0.77188E-01  0.71416E-01  0.86835E-01  0.92624E-01  0.18911E+00  0.30877E-01  0.23311E-01  0.15488E-01
     n            2    "NA"  "0"  0.41315E+00  0.98127E-06  0.77188E-01  0.71416E-01  0.86835E-01  0.92624E-01  0.18911E+00  0.30877E-01  0.23311E-01  0.15488E-01
     y            2    "0"  "0"  0.41315E+00  0.98127E-06  0.77188E-01  0.71416E-01  0.86835E-01  0.92624E-01  0.18911E+00  0.30877E-01  0.23311E-01  0.15488E-01
     y            2    "0"  "0"  0.41315E+00  0.98127E-06  0.77188E-01  0.71416E-01  0.86835E-01  0.92624E-01  0.18911E+00  0.30877E-01  0.23311E-01  0.15488E-01
     y            2    "0"  "0"  0.41315E+00  0.98127E-06  0.77188E-01  0.71416E-01  0.86835E-01  0.92624E-01  0.18911E+00  0.30877E-01  0.23311E-01  0.15488E-01
     y            2    "EC_M1"  "0"  0.41315E+00  0.98127E-06  0.77188E-01  0.71416E-01  0.86835E-01  0.92624E-01  0.18911E+00  0.30877E-01  0.23311E-01  0.15488E-01
     n           31    "NA"  "0"  0.51057E+00  0.98127E-06  0.42555E-01  0.57895E-04  0.48082E-04  0.52007E-04  0.63874E-01  0.19625E-04  0.23398E+00  0.14885E+00
     y           31    "EC_U2"  "0"  0.51057E+00  0.98127E-06  0.42555E-01  0.57895E-04  0.48082E-04  0.52007E-04  0.63874E-01  0.19625E-04  0.23398E+00  0.14885E+00
     y            2    "0"  "0"  0.41315E+00  0.98127E-06  0.77188E-01  0.71416E-01  0.86835E-01  0.92624E-01  0.18911E+00  0.30877E-01  0.23311E-01  0.15488E-01
     y            2    "0"  "0"  0.41315E+00  0.98127E-06  0.77188E-01  0.71416E-01  0.86835E-01  0.92624E-01  0.18911E+00  0.30877E-01  0.23311E-01  0.15488E-01
     y           30    "0"  "EC_U1"  0.33856E+00  0.31348E-02  0.62696E-02  0.15674E-01  0.94044E-02  0.12539E-01  0.18809E-01  0.31348E-02  0.45455E+00  0.13793E+00
     y           14    "0"  "0"  0.46294E+00  0.98127E-06  0.18544E-01  0.31456E+00  0.18548E-01  0.18552E-01  0.37107E-01  0.55520E-01  0.55668E-01  0.18559E-01
     y           30    "0"  "EC_U1"  0.33856E+00  0.31348E-02  0.62696E-02  0.15674E-01  0.94044E-02  0.12539E-01  0.18809E-01  0.31348E-02  0.45455E+00  0.13793E+00
     y            2    "0"  "0"  0.41315E+00  0.98127E-06  0.77188E-01  0.71416E-01  0.86835E-01  0.92624E-01  0.18911E+00  0.30877E-01  0.23311E-01  0.15488E-01
     n           31    "NA"  "0"  0.51057E+00  0.98127E-06  0.42555E-01  0.57895E-04  0.48082E-04  0.52007E-04  0.63874E-01  0.19625E-04  0.23398E+00  0.14885E+00
     y            2    "EC_M4"  "0"  0.41315E+00  0.98127E-06  0.77188E-01  0.71416E-01  0.86835E-01  0.92624E-01  0.18911E+00  0.30877E-01  0.23311E-01  0.15488E-01
     n           31    "NA"  "0"  0.51057E+00  0.98127E-06  0.42555E-01  0.57895E-04  0.48082E-04  0.52007E-04  0.63874E-01  0.19625E-04  0.23398E+00  0.14885E+00
     n            2    "NA"  "0"  0.41315E+00  0.98127E-06  0.77188E-01  0.71416E-01  0.86835E-01  0.92624E-01  0.18911E+00  0.30877E-01  0.23311E-01  0.15488E-01
     y            2    "EC_M4"  "0"  0.41315E+00  0.98127E-06  0.77188E-01  0.71416E-01  0.86835E-01  0.92624E-01  0.18911E+00  0.30877E-01  0.23311E-01  0.15488E-01
     y           30    "EC_U1"  "EC_U1"  0.33856E+00  0.31348E-02  0.62696E-02  0.15674E-01  0.94044E-02  0.12539E-01  0.18809E-01  0.31348E-02  0.45455E+00  0.13793E+00
     y            2    "0"  "0"  0.41315E+00  0.98127E-06  0.77188E-01  0.71416E-01  0.86835E-01  0.92624E-01  0.18911E+00  0.30877E-01  0.23311E-01  0.15488E-01
     y            2    "EC_M4"  "0"  0.41315E+00  0.98127E-06  0.77188E-01  0.71416E-01  0.86835E-01  0.92624E-01  0.18911E+00  0.30877E-01  0.23311E-01  0.15488E-01
     y            2    "EC_M3"  "0"  0.41315E+00  0.98127E-06  0.77188E-01  0.71416E-01  0.86835E-01  0.92624E-01  0.18911E+00  0.30877E-01  0.23311E-01  0.15488E-01
     y            2    "EC_M1"  "0"  0.41315E+00  0.98127E-06  0.77188E-01  0.71416E-01  0.86835E-01  0.92624E-01  0.18911E+00  0.30877E-01  0.23311E-01  0.15488E-01
     y           30    "EC_U2"  "EC_U1"  0.33856E+00  0.31348E-02  0.62696E-02  0.15674E-01  0.94044E-02  0.12539E-01  0.18809E-01  0.31348E-02  0.45455E+00  0.13793E+00
     y            2    "EC_I"  "0"  0.41315E+00  0.98127E-06  0.77188E-01  0.71416E-01  0.86835E-01  0.92624E-01  0.18911E+00  0.30877E-01  0.23311E-01  0.15488E-01
     y           30    "0"  "EC_U1"  0.33856E+00  0.31348E-02  0.62696E-02  0.15674E-01  0.94044E-02  0.12539E-01  0.18809E-01  0.31348E-02  0.45455E+00  0.13793E+00
     y            2    "0"  "0"  0.41315E+00  0.98127E-06  0.77188E-01  0.71416E-01  0.86835E-01  0.92624E-01  0.18911E+00  0.30877E-01  0.23311E-01  0.15488E-01
     y           14    "0"  "0"  0.46294E+00  0.98127E-06  0.18544E-01  0.31456E+00  0.18548E-01  0.18552E-01  0.37107E-01  0.55520E-01  0.55668E-01  0.18559E-01
     y           30    "0"  "EC_U1"  0.33856E+00  0.31348E-02  0.62696E-02  0.15674E-01  0.94044E-02  0.12539E-01  0.18809E-01  0.31348E-02  0.45455E+00  0.13793E+00
     y           30    "0"  "EC_U1"  0.33856E+00  0.31348E-02  0.62696E-02  0.15674E-01  0.94044E-02  0.12539E-01  0.18809E-01  0.31348E-02  0.45455E+00  0.13793E+00
     y           31    "EC_U1"  "0"  0.51057E+00  0.98127E-06  0.42555E-01  0.57895E-04  0.48082E-04  0.52007E-04  0.63874E-01  0.19625E-04  0.23398E+00  0.14885E+00
     y           31    "0"  "0"  0.51057E+00  0.98127E-06  0.42555E-01  0.57895E-04  0.48082E-04  0.52007E-04  0.63874E-01  0.19625E-04  0.23398E+00  0.14885E+00
     n           31    "NA"  "0"  0.51057E+00  0.98127E-06  0.42555E-01  0.57895E-04  0.48082E-04  0.52007E-04  0.63874E-01  0.19625E-04  0.23398E+00  0.14885E+00
     y           30    "0"  "EC_U1"  0.33856E+00  0.31348E-02  0.62696E-02  0.15674E-01  0.94044E-02  0.12539E-01  0.18809E-01  0.31348E-02  0.45455E+00  0.13793E+00
     y            2    "0"  "0"  0.41315E+00  0.98127E-06  0.77188E-01  0.71416E-01  0.86835E-01  0.92624E-01  0.18911E+00  0.30877E-01  0.23311E-01  0.15488E-01
     n            2    "NA"  "0"  0.41315E+00  0.98127E-06  0.77188E-01  0.71416E-01  0.86835E-01  0.92624E-01  0.18911E+00  0.30877E-01  0.23311E-01  0.15488E-01
     y            2    "EC_M1"  "0"  0.41315E+00  0.98127E-06  0.77188E-01  0.71416E-01  0.86835E-01  0.92624E-01  0.18911E+00  0.30877E-01  0.23311E-01  0.15488E-01
     y           30    "EC_U2"  "EC_U1"  0.33856E+00  0.31348E-02  0.62696E-02  0.15674E-01  0.94044E-02  0.12539E-01  0.18809E-01  0.31348E-02  0.45455E+00  0.13793E+00
     y            2    "EC_M3"  "0"  0.41315E+00  0.98127E-06  0.77188E-01  0.71416E-01  0.86835E-01  0.92624E-01  0.18911E+00  0.30877E-01  0.23311E-01  0.15488E-01
     y            2    "EC_M3"  "0"  0.41315E+00  0.98127E-06  0.77188E-01  0.71416E-01  0.86835E-01  0.92624E-01  0.18911E+00  0.30877E-01  0.23311E-01  0.15488E-01
     y            2    "0"  "0"  0.41315E+00  0.98127E-06  0.77188E-01  0.71416E-01  0.86835E-01  0.92624E-01  0.18911E+00  0.30877E-01  0.23311E-01  0.15488E-01
     y            2    "EC_M4"  "0"  0.41315E+00  0.98127E-06  0.77188E-01  0.71416E-01  0.86835E-01  0.92624E-01  0.18911E+00  0.30877E-01  0.23311E-01  0.15488E-01
     y            2    "0"  "0"  0.41315E+00  0.98127E-06  0.77188E-01  0.71416E-01  0.86835E-01  0.92624E-01  0.18911E+00  0.30877E-01  0.23311E-01  0.15488E-01
     y            2    "EC_M4"  "0"  0.41315E+00  0.98127E-06  0.77188E-01  0.71416E-01  0.86835E-01  0.92624E-01  0.18911E+00  0.30877E-01  0.23311E-01  0.15488E-01
     y            2    "EC_M1"  "0"  0.41315E+00  0.98127E-06  0.77188E-01  0.71416E-01  0.86835E-01  0.92624E-01  0.18911E+00  0.30877E-01  0.23311E-01  0.15488E-01
     y           30    "EC_U2"  "EC_U1"  0.33856E+00  0.31348E-02  0.62696E-02  0.15674E-01  0.94044E-02  0.12539E-01  0.18809E-01  0.31348E-02  0.45455E+00  0.13793E+00
     y           30    "EC_U1"  "EC_U1"  0.33856E+00  0.31348E-02  0.62696E-02  0.15674E-01  0.94044E-02  0.12539E-01  0.18809E-01  0.31348E-02  0.45455E+00  0.13793E+00
     y            2    "EC_M1"  "0"  0.41315E+00  0.98127E-06  0.77188E-01  0.71416E-01  0.86835E-01  0.92624E-01  0.18911E+00  0.30877E-01  0.23311E-01  0.15488E-01
     y            2    "0"  "0"  0.41315E+00  0.98127E-06  0.77188E-01  0.71416E-01  0.86835E-01  0.92624E-01  0.18911E+00  0.30877E-01  0.23311E-01  0.15488E-01
     y            2    "EC_M4"  "0"  0.41315E+00  0.98127E-06  0.77188E-01  0.71416E-01  0.86835E-01  0.92624E-01  0.18911E+00  0.30877E-01  0.23311E-01  0.15488E-01
     y           30    "EC_U1"  "EC_U1"  0.33856E+00  0.31348E-02  0.62696E-02  0.15674E-01  0.94044E-02  0.12539E-01  0.18809E-01  0.31348E-02  0.45455E+00  0.13793E+00
     y           30    "EC_U1"  "EC_U1"  0.33856E+00  0.31348E-02  0.62696E-02  0.15674E-01  0.94044E-02  0.12539E-01  0.18809E-01  0.31348E-02  0.45455E+00  0.13793E+00
     y            2    "EC_M3"  "0"  0.41315E+00  0.98127E-06  0.77188E-01  0.71416E-01  0.86835E-01  0.92624E-01  0.18911E+00  0.30877E-01  0.23311E-01  0.15488E-01
     y           30    "EC_M4"  "EC_U1"  0.33856E+00  0.31348E-02  0.62696E-02  0.15674E-01  0.94044E-02  0.12539E-01  0.18809E-01  0.31348E-02  0.45455E+00  0.13793E+00
     y           30    "EC_U1"  "EC_U1"  0.33856E+00  0.31348E-02  0.62696E-02  0.15674E-01  0.94044E-02  0.12539E-01  0.18809E-01  0.31348E-02  0.45455E+00  0.13793E+00
     y            2    "EC_M1"  "0"  0.41315E+00  0.98127E-06  0.77188E-01  0.71416E-01  0.86835E-01  0.92624E-01  0.18911E+00  0.30877E-01  0.23311E-01  0.15488E-01
     n           14    "NA"  "0"  0.46294E+00  0.98127E-06  0.18544E-01  0.31456E+00  0.18548E-01  0.18552E-01  0.37107E-01  0.55520E-01  0.55668E-01  0.18559E-01
     y            2    "EC_M1"  "0"  0.41315E+00  0.98127E-06  0.77188E-01  0.71416E-01  0.86835E-01  0.92624E-01  0.18911E+00  0.30877E-01  0.23311E-01  0.15488E-01
     y            2    "EC_M4"  "0"  0.41315E+00  0.98127E-06  0.77188E-01  0.71416E-01  0.86835E-01  0.92624E-01  0.18911E+00  0.30877E-01  0.23311E-01  0.15488E-01
     y            2    "EC_M4"  "0"  0.41315E+00  0.98127E-06  0.77188E-01  0.71416E-01  0.86835E-01  0.92624E-01  0.18911E+00  0.30877E-01  0.23311E-01  0.15488E-01
     y            2    "EC_M4"  "0"  0.41315E+00  0.98127E-06  0.77188E-01  0.71416E-01  0.86835E-01  0.92624E-01  0.18911E+00  0.30877E-01  0.23311E-01  0.15488E-01
     y           30    "EC_U1"  "EC_U1"  0.33856E+00  0.31348E-02  0.62696E-02  0.15674E-01  0.94044E-02  0.12539E-01  0.18809E-01  0.31348E-02  0.45455E+00  0.13793E+00
     y            2    "EC_I"  "0"  0.41315E+00  0.98127E-06  0.77188E-01  0.71416E-01  0.86835E-01  0.92624E-01  0.18911E+00  0.30877E-01  0.23311E-01  0.15488E-01
     y            2    "EC_I"  "0"  0.41315E+00  0.98127E-06  0.77188E-01  0.71416E-01  0.86835E-01  0.92624E-01  0.18911E+00  0.30877E-01  0.23311E-01  0.15488E-01
     y            2    "0"  "0"  0.41315E+00  0.98127E-06  0.77188E-01  0.71416E-01  0.86835E-01  0.92624E-01  0.18911E+00  0.30877E-01  0.23311E-01  0.15488E-01
     y            2    "EC_I"  "0"  0.41315E+00  0.98127E-06  0.77188E-01  0.71416E-01  0.86835E-01  0.92624E-01  0.18911E+00  0.30877E-01  0.23311E-01  0.15488E-01
     y            2    "0"  "0"  0.41315E+00  0.98127E-06  0.77188E-01  0.71416E-01  0.86835E-01  0.92624E-01  0.18911E+00  0.30877E-01  0.23311E-01  0.15488E-01
     y            2    "EC_M4"  "0"  0.41315E+00  0.98127E-06  0.77188E-01  0.71416E-01  0.86835E-01  0.92624E-01  0.18911E+00  0.30877E-01  0.23311E-01  0.15488E-01
     y           30    "EC_U1"  "EC_U1"  0.33856E+00  0.31348E-02  0.62696E-02  0.15674E-01  0.94044E-02  0.12539E-01  0.18809E-01  0.31348E-02  0.45455E+00  0.13793E+00
     y            2    "0"  "0"  0.41315E+00  0.98127E-06  0.77188E-01  0.71416E-01  0.86835E-01  0.92624E-01  0.18911E+00  0.30877E-01  0.23311E-01  0.15488E-01
     y            2    "0"  "0"  0.41315E+00  0.98127E-06  0.77188E-01  0.71416E-01  0.86835E-01  0.92624E-01  0.18911E+00  0.30877E-01  0.23311E-01  0.15488E-01
     y            2    "EC_M4"  "0"  0.41315E+00  0.98127E-06  0.77188E-01  0.71416E-01  0.86835E-01  0.92624E-01  0.18911E+00  0.30877E-01  0.23311E-01  0.15488E-01
     y           14    "EC_U2"  "0"  0.46294E+00  0.98127E-06  0.18544E-01  0.31456E+00  0.18548E-01  0.18552E-01  0.37107E-01  0.55520E-01  0.55668E-01  0.18559E-01
     y            2    "EC_M3"  "0"  0.41315E+00  0.98127E-06  0.77188E-01  0.71416E-01  0.86835E-01  0.92624E-01  0.18911E+00  0.30877E-01  0.23311E-01  0.15488E-01
     n           31    "NA"  "0"  0.51057E+00  0.98127E-06  0.42555E-01  0.57895E-04  0.48082E-04  0.52007E-04  0.63874E-01  0.19625E-04  0.23398E+00  0.14885E+00
     y           30    "EC_U1"  "EC_U1"  0.33856E+00  0.31348E-02  0.62696E-02  0.15674E-01  0.94044E-02  0.12539E-01  0.18809E-01  0.31348E-02  0.45455E+00  0.13793E+00
     y           30    "0"  "EC_U1"  0.33856E+00  0.31348E-02  0.62696E-02  0.15674E-01  0.94044E-02  0.12539E-01  0.18809E-01  0.31348E-02  0.45455E+00  0.13793E+00
     y            2    "EC-m2"  "0"  0.41315E+00  0.98127E-06  0.77188E-01  0.71416E-01  0.86835E-01  0.92624E-01  0.18911E+00  0.30877E-01  0.23311E-01  0.15488E-01
     y           30    "EC_U2"  "EC_U1"  0.33856E+00  0.31348E-02  0.62696E-02  0.15674E-01  0.94044E-02  0.12539E-01  0.18809E-01  0.31348E-02  0.45455E+00  0.13793E+00
     y            2    "EC_M4"  "0"  0.41315E+00  0.98127E-06  0.77188E-01  0.71416E-01  0.86835E-01  0.92624E-01  0.18911E+00  0.30877E-01  0.23311E-01  0.15488E-01
     n            2    "NA"  "0"  0.41315E+00  0.98127E-06  0.77188E-01  0.71416E-01  0.86835E-01  0.92624E-01  0.18911E+00  0.30877E-01  0.23311E-01  0.15488E-01
     y            2    "0"  "0"  0.41315E+00  0.98127E-06  0.77188E-01  0.71416E-01  0.86835E-01  0.92624E-01  0.18911E+00  0.30877E-01  0.23311E-01  0.15488E-01
     y            2    "EC_M4"  "0"  0.41315E+00  0.98127E-06  0.77188E-01  0.71416E-01  0.86835E-01  0.92624E-01  0.18911E+00  0.30877E-01  0.23311E-01  0.15488E-01
     y            2    "0"  "0"  0.41315E+00  0.98127E-06  0.77188E-01  0.71416E-01  0.86835E-01  0.92624E-01  0.18911E+00  0.30877E-01  0.23311E-01  0.15488E-01
     y           30    "EC_U1"  "EC_U1"  0.33856E+00  0.31348E-02  0.62696E-02  0.15674E-01  0.94044E-02  0.12539E-01  0.18809E-01  0.31348E-02  0.45455E+00  0.13793E+00
     y            2    "EC_M4"  "0"  0.41315E+00  0.98127E-06  0.77188E-01  0.71416E-01  0.86835E-01  0.92624E-01  0.18911E+00  0.30877E-01  0.23311E-01  0.15488E-01
     n           31    "NA"  "0"  0.51057E+00  0.98127E-06  0.42555E-01  0.57895E-04  0.48082E-04  0.52007E-04  0.63874E-01  0.19625E-04  0.23398E+00  0.14885E+00
     y           30    "EC_U2"  "EC_U1"  0.33856E+00  0.31348E-02  0.62696E-02  0.15674E-01  0.94044E-02  0.12539E-01  0.18809E-01  0.31348E-02  0.45455E+00  0.13793E+00
     n            2    "NA"  "0"  0.41315E+00  0.98127E-06  0.77188E-01  0.71416E-01  0.86835E-01  0.92624E-01  0.18911E+00  0.30877E-01  0.23311E-01  0.15488E-01
     y            2    "0"  "0"  0.41315E+00  0.98127E-06  0.77188E-01  0.71416E-01  0.86835E-01  0.92624E-01  0.18911E+00  0.30877E-01  0.23311E-01  0.15488E-01
     y            2    "0"  "0"  0.41315E+00  0.98127E-06  0.77188E-01  0.71416E-01  0.86835E-01  0.92624E-01  0.18911E+00  0.30877E-01  0.23311E-01  0.15488E-01
     y            2    "0"  "0"  0.41315E+00  0.98127E-06  0.77188E-01  0.71416E-01  0.86835E-01  0.92624E-01  0.18911E+00  0.30877E-01  0.23311E-01  0.15488E-01
     y           30    "EC_U1"  "EC_U1"  0.33856E+00  0.31348E-02  0.62696E-02  0.15674E-01  0.94044E-02  0.12539E-01  0.18809E-01  0.31348E-02  0.45455E+00  0.13793E+00
     n            2    "NA"  "0"  0.41315E+00  0.98127E-06  0.77188E-01  0.71416E-01  0.86835E-01  0.92624E-01  0.18911E+00  0.30877E-01  0.23311E-01  0.15488E-01
     n            2    "NA"  "0"  0.41315E+00  0.98127E-06  0.77188E-01  0.71416E-01  0.86835E-01  0.92624E-01  0.18911E+00  0.30877E-01  0.23311E-01  0.15488E-01
     y           31    "0"  "0"  0.51057E+00  0.98127E-06  0.42555E-01  0.57895E-04  0.48082E-04  0.52007E-04  0.63874E-01  0.19625E-04  0.23398E+00  0.14885E+00
     y            2    "0"  "0"  0.41315E+00  0.98127E-06  0.77188E-01  0.71416E-01  0.86835E-01  0.92624E-01  0.18911E+00  0.30877E-01  0.23311E-01  0.15488E-01
     n            2    "NA"  "0"  0.41315E+00  0.98127E-06  0.77188E-01  0.71416E-01  0.86835E-01  0.92624E-01  0.18911E+00  0.30877E-01  0.23311E-01  0.15488E-01
     y            2    "0"  "0"  0.41315E+00  0.98127E-06  0.77188E-01  0.71416E-01  0.86835E-01  0.92624E-01  0.18911E+00  0.30877E-01  0.23311E-01  0.15488E-01
     y           30    "EC-m2"  "EC_U1"  0.33856E+00  0.31348E-02  0.62696E-02  0.15674E-01  0.94044E-02  0.12539E-01  0.18809E-01  0.31348E-02  0.45455E+00  0.13793E+00
     y           31    "0"  "0"  0.51057E+00  0.98127E-06  0.42555E-01  0.57895E-04  0.48082E-04  0.52007E-04  0.63874E-01  0.19625E-04  0.23398E+00  0.14885E+00
     y           30    "EC_U2"  "EC_U1"  0.33856E+00  0.31348E-02  0.62696E-02  0.15674E-01  0.94044E-02  0.12539E-01  0.18809E-01  0.31348E-02  0.45455E+00  0.13793E+00
     y            2    "EC_M1"  "0"  0.41315E+00  0.98127E-06  0.77188E-01  0.71416E-01  0.86835E-01  0.92624E-01  0.18911E+00  0.30877E-01  0.23311E-01  0.15488E-01
     y           30    "0"  "EC_U1"  0.33856E+00  0.31348E-02  0.62696E-02  0.15674E-01  0.94044E-02  0.12539E-01  0.18809E-01  0.31348E-02  0.45455E+00  0.13793E+00
     y            2    "EC_M1"  "0"  0.41315E+00  0.98127E-06  0.77188E-01  0.71416E-01  0.86835E-01  0.92624E-01  0.18911E+00  0.30877E-01  0.23311E-01  0.15488E-01
     y            2    "EC_M4"  "0"  0.41315E+00  0.98127E-06  0.77188E-01  0.71416E-01  0.86835E-01  0.92624E-01  0.18911E+00  0.30877E-01  0.23311E-01  0.15488E-01
     y            2    "EC_M4"  "0"  0.41315E+00  0.98127E-06  0.77188E-01  0.71416E-01  0.86835E-01  0.92624E-01  0.18911E+00  0.30877E-01  0.23311E-01  0.15488E-01
     y           31    "EC_M4"  "0"  0.51057E+00  0.98127E-06  0.42555E-01  0.57895E-04  0.48082E-04  0.52007E-04  0.63874E-01  0.19625E-04  0.23398E+00  0.14885E+00
     y            6    "0"  "0"  0.99944E+00  0.98127E-06  0.44157E-04  0.57895E-04  0.48082E-04  0.52007E-04  0.10696E-03  0.19625E-04  0.16780E-03  0.58876E-04
     y           31    "0"  "0"  0.51057E+00  0.98127E-06  0.42555E-01  0.57895E-04  0.48082E-04  0.52007E-04  0.63874E-01  0.19625E-04  0.23398E+00  0.14885E+00
     y           30    "0"  "EC_U1"  0.33856E+00  0.31348E-02  0.62696E-02  0.15674E-01  0.94044E-02  0.12539E-01  0.18809E-01  0.31348E-02  0.45455E+00  0.13793E+00
     y           31    "0"  "0"  0.51057E+00  0.98127E-06  0.42555E-01  0.57895E-04  0.48082E-04  0.52007E-04  0.63874E-01  0.19625E-04  0.23398E+00  0.14885E+00
     y           14    "0"  "0"  0.46294E+00  0.98127E-06  0.18544E-01  0.31456E+00  0.18548E-01  0.18552E-01  0.37107E-01  0.55520E-01  0.55668E-01  0.18559E-01
     y            2    "0"  "0"  0.41315E+00  0.98127E-06  0.77188E-01  0.71416E-01  0.86835E-01  0.92624E-01  0.18911E+00  0.30877E-01  0.23311E-01  0.15488E-01
     y            2    "0"  "0"  0.41315E+00  0.98127E-06  0.77188E-01  0.71416E-01  0.86835E-01  0.92624E-01  0.18911E+00  0.30877E-01  0.23311E-01  0.15488E-01
     n            2    "NA"  "0"  0.41315E+00  0.98127E-06  0.77188E-01  0.71416E-01  0.86835E-01  0.92624E-01  0.18911E+00  0.30877E-01  0.23311E-01  0.15488E-01
     y           14    "0"  "0"  0.46294E+00  0.98127E-06  0.18544E-01  0.31456E+00  0.18548E-01  0.18552E-01  0.37107E-01  0.55520E-01  0.55668E-01  0.18559E-01
     y            2    "EC-m2"  "0"  0.41315E+00  0.98127E-06  0.77188E-01  0.71416E-01  0.86835E-01  0.92624E-01  0.18911E+00  0.30877E-01  0.23311E-01  0.15488E-01
     y            2    "EC_I"  "0"  0.41315E+00  0.98127E-06  0.77188E-01  0.71416E-01  0.86835E-01  0.92624E-01  0.18911E+00  0.30877E-01  0.23311E-01  0.15488E-01
     y            2    "0"  "0"  0.41315E+00  0.98127E-06  0.77188E-01  0.71416E-01  0.86835E-01  0.92624E-01  0.18911E+00  0.30877E-01  0.23311E-01  0.15488E-01
     y            2    "0"  "0"  0.41315E+00  0.98127E-06  0.77188E-01  0.71416E-01  0.86835E-01  0.92624E-01  0.18911E+00  0.30877E-01  0.23311E-01  0.15488E-01
     y           30    "EC_U1"  "EC_U1"  0.33856E+00  0.31348E-02  0.62696E-02  0.15674E-01  0.94044E-02  0.12539E-01  0.18809E-01  0.31348E-02  0.45455E+00  0.13793E+00
     y            2    "0"  "0"  0.41315E+00  0.98127E-06  0.77188E-01  0.71416E-01  0.86835E-01  0.92624E-01  0.18911E+00  0.30877E-01  0.23311E-01  0.15488E-01
     y            2    "0"  "0"  0.41315E+00  0.98127E-06  0.77188E-01  0.71416E-01  0.86835E-01  0.92624E-01  0.18911E+00  0.30877E-01  0.23311E-01  0.15488E-01
     y            2    "EC_M3"  "0"  0.41315E+00  0.98127E-06  0.77188E-01  0.71416E-01  0.86835E-01  0.92624E-01  0.18911E+00  0.30877E-01  0.23311E-01  0.15488E-01
     y           30    "EC_U1"  "EC_U1"  0.33856E+00  0.31348E-02  0.62696E-02  0.15674E-01  0.94044E-02  0.12539E-01  0.18809E-01  0.31348E-02  0.45455E+00  0.13793E+00
     y           14    "EC_I"  "0"  0.46294E+00  0.98127E-06  0.18544E-01  0.31456E+00  0.18548E-01  0.18552E-01  0.37107E-01  0.55520E-01  0.55668E-01  0.18559E-01
     y            2    "0"  "0"  0.41315E+00  0.98127E-06  0.77188E-01  0.71416E-01  0.86835E-01  0.92624E-01  0.18911E+00  0.30877E-01  0.23311E-01  0.15488E-01
     n            2    "NA"  "0"  0.41315E+00  0.98127E-06  0.77188E-01  0.71416E-01  0.86835E-01  0.92624E-01  0.18911E+00  0.30877E-01  0.23311E-01  0.15488E-01
     y            2    "EC_I"  "0"  0.41315E+00  0.98127E-06  0.77188E-01  0.71416E-01  0.86835E-01  0.92624E-01  0.18911E+00  0.30877E-01  0.23311E-01  0.15488E-01
     y            2    "0"  "0"  0.41315E+00  0.98127E-06  0.77188E-01  0.71416E-01  0.86835E-01  0.92624E-01  0.18911E+00  0.30877E-01  0.23311E-01  0.15488E-01
     y            2    "EC_M4"  "0"  0.41315E+00  0.98127E-06  0.77188E-01  0.71416E-01  0.86835E-01  0.92624E-01  0.18911E+00  0.30877E-01  0.23311E-01  0.15488E-01
     y           30    "EC_U1"  "EC_U1"  0.33856E+00  0.31348E-02  0.62696E-02  0.15674E-01  0.94044E-02  0.12539E-01  0.18809E-01  0.31348E-02  0.45455E+00  0.13793E+00
     y            2    "EC-m2"  "0"  0.41315E+00  0.98127E-06  0.77188E-01  0.71416E-01  0.86835E-01  0.92624E-01  0.18911E+00  0.30877E-01  0.23311E-01  0.15488E-01
     y            2    "EC-m2"  "0"  0.41315E+00  0.98127E-06  0.77188E-01  0.71416E-01  0.86835E-01  0.92624E-01  0.18911E+00  0.30877E-01  0.23311E-01  0.15488E-01
     y            2    "0"  "0"  0.41315E+00  0.98127E-06  0.77188E-01  0.71416E-01  0.86835E-01  0.92624E-01  0.18911E+00  0.30877E-01  0.23311E-01  0.15488E-01
     n            2    "NA"  "0"  0.41315E+00  0.98127E-06  0.77188E-01  0.71416E-01  0.86835E-01  0.92624E-01  0.18911E+00  0.30877E-01  0.23311E-01  0.15488E-01
     n            2    "NA"  "0"  0.41315E+00  0.98127E-06  0.77188E-01  0.71416E-01  0.86835E-01  0.92624E-01  0.18911E+00  0.30877E-01  0.23311E-01  0.15488E-01
     y            2    "EC_M1"  "0"  0.41315E+00  0.98127E-06  0.77188E-01  0.71416E-01  0.86835E-01  0.92624E-01  0.18911E+00  0.30877E-01  0.23311E-01  0.15488E-01
     y            2    "0"  "0"  0.41315E+00  0.98127E-06  0.77188E-01  0.71416E-01  0.86835E-01  0.92624E-01  0.18911E+00  0.30877E-01  0.23311E-01  0.15488E-01
     n            2    "NA"  "0"  0.41315E+00  0.98127E-06  0.77188E-01  0.71416E-01  0.86835E-01  0.92624E-01  0.18911E+00  0.30877E-01  0.23311E-01  0.15488E-01
     y           30    "EC_U1"  "EC_U1"  0.33856E+00  0.31348E-02  0.62696E-02  0.15674E-01  0.94044E-02  0.12539E-01  0.18809E-01  0.31348E-02  0.45455E+00  0.13793E+00
     y           30    "0"  "EC_U1"  0.33856E+00  0.31348E-02  0.62696E-02  0.15674E-01  0.94044E-02  0.12539E-01  0.18809E-01  0.31348E-02  0.45455E+00  0.13793E+00
     y           30    "EC_U1"  "EC_U1"  0.33856E+00  0.31348E-02  0.62696E-02  0.15674E-01  0.94044E-02  0.12539E-01  0.18809E-01  0.31348E-02  0.45455E+00  0.13793E+00
     y           31    "0"  "0"  0.51057E+00  0.98127E-06  0.42555E-01  0.57895E-04  0.48082E-04  0.52007E-04  0.63874E-01  0.19625E-04  0.23398E+00  0.14885E+00
     n            2    "NA"  "0"  0.41315E+00  0.98127E-06  0.77188E-01  0.71416E-01  0.86835E-01  0.92624E-01  0.18911E+00  0.30877E-01  0.23311E-01  0.15488E-01
     y            2    "0"  "0"  0.41315E+00  0.98127E-06  0.77188E-01  0.71416E-01  0.86835E-01  0.92624E-01  0.18911E+00  0.30877E-01  0.23311E-01  0.15488E-01
     n            2    "NA"  "0"  0.41315E+00  0.98127E-06  0.77188E-01  0.71416E-01  0.86835E-01  0.92624E-01  0.18911E+00  0.30877E-01  0.23311E-01  0.15488E-01
     n            2    "NA"  "0"  0.41315E+00  0.98127E-06  0.77188E-01  0.71416E-01  0.86835E-01  0.92624E-01  0.18911E+00  0.30877E-01  0.23311E-01  0.15488E-01
     y           30    "0"  "EC_U1"  0.33856E+00  0.31348E-02  0.62696E-02  0.15674E-01  0.94044E-02  0.12539E-01  0.18809E-01  0.31348E-02  0.45455E+00  0.13793E+00
     y            2    "0"  "0"  0.41315E+00  0.98127E-06  0.77188E-01  0.71416E-01  0.86835E-01  0.92624E-01  0.18911E+00  0.30877E-01  0.23311E-01  0.15488E-01
     y           30    "EC_U1"  "EC_U1"  0.33856E+00  0.31348E-02  0.62696E-02  0.15674E-01  0.94044E-02  0.12539E-01  0.18809E-01  0.31348E-02  0.45455E+00  0.13793E+00
     y           30    "EC_U1"  "EC_U1"  0.33856E+00  0.31348E-02  0.62696E-02  0.15674E-01  0.94044E-02  0.12539E-01  0.18809E-01  0.31348E-02  0.45455E+00  0.13793E+00
     y            2    "EC_M1"  "0"  0.41315E+00  0.98127E-06  0.77188E-01  0.71416E-01  0.86835E-01  0.92624E-01  0.18911E+00  0.30877E-01  0.23311E-01  0.15488E-01
     y            2    "0"  "0"  0.41315E+00  0.98127E-06  0.77188E-01  0.71416E-01  0.86835E-01  0.92624E-01  0.18911E+00  0.30877E-01  0.23311E-01  0.15488E-01
     y            2    "0"  "0"  0.41315E+00  0.98127E-06  0.77188E-01  0.71416E-01  0.86835E-01  0.92624E-01  0.18911E+00  0.30877E-01  0.23311E-01  0.15488E-01
     y            2    "0"  "0"  0.41315E+00  0.98127E-06  0.77188E-01  0.71416E-01  0.86835E-01  0.92624E-01  0.18911E+00  0.30877E-01  0.23311E-01  0.15488E-01
     y            2    "0"  "0"  0.41315E+00  0.98127E-06  0.77188E-01  0.71416E-01  0.86835E-01  0.92624E-01  0.18911E+00  0.30877E-01  0.23311E-01  0.15488E-01
     y            2    "EC_M3"  "0"  0.41315E+00  0.98127E-06  0.77188E-01  0.71416E-01  0.86835E-01  0.92624E-01  0.18911E+00  0.30877E-01  0.23311E-01  0.15488E-01
     y            2    "0"  "0"  0.41315E+00  0.98127E-06  0.77188E-01  0.71416E-01  0.86835E-01  0.92624E-01  0.18911E+00  0.30877E-01  0.23311E-01  0.15488E-01
     y            2    "0"  "0"  0.41315E+00  0.98127E-06  0.77188E-01  0.71416E-01  0.86835E-01  0.92624E-01  0.18911E+00  0.30877E-01  0.23311E-01  0.15488E-01
     y            2    "EC_M1"  "0"  0.41315E+00  0.98127E-06  0.77188E-01  0.71416E-01  0.86835E-01  0.92624E-01  0.18911E+00  0.30877E-01  0.23311E-01  0.15488E-01
     y           14    "0"  "0"  0.46294E+00  0.98127E-06  0.18544E-01  0.31456E+00  0.18548E-01  0.18552E-01  0.37107E-01  0.55520E-01  0.55668E-01  0.18559E-01
     y            2    "0"  "0"  0.41315E+00  0.98127E-06  0.77188E-01  0.71416E-01  0.86835E-01  0.92624E-01  0.18911E+00  0.30877E-01  0.23311E-01  0.15488E-01
     y            2    "0"  "0"  0.41315E+00  0.98127E-06  0.77188E-01  0.71416E-01  0.86835E-01  0.92624E-01  0.18911E+00  0.30877E-01  0.23311E-01  0.15488E-01
     y            2    "EC_M3"  "0"  0.41315E+00  0.98127E-06  0.77188E-01  0.71416E-01  0.86835E-01  0.92624E-01  0.18911E+00  0.30877E-01  0.23311E-01  0.15488E-01
     n            2    "NA"  "0"  0.41315E+00  0.98127E-06  0.77188E-01  0.71416E-01  0.86835E-01  0.92624E-01  0.18911E+00  0.30877E-01  0.23311E-01  0.15488E-01
     y            2    "EC_M1"  "0"  0.41315E+00  0.98127E-06  0.77188E-01  0.71416E-01  0.86835E-01  0.92624E-01  0.18911E+00  0.30877E-01  0.23311E-01  0.15488E-01
     y            2    "0"  "0"  0.41315E+00  0.98127E-06  0.77188E-01  0.71416E-01  0.86835E-01  0.92624E-01  0.18911E+00  0.30877E-01  0.23311E-01  0.15488E-01
     y            2    "0"  "0"  0.41315E+00  0.98127E-06  0.77188E-01  0.71416E-01  0.86835E-01  0.92624E-01  0.18911E+00  0.30877E-01  0.23311E-01  0.15488E-01
     y            2    "EC_M3"  "0"  0.41315E+00  0.98127E-06  0.77188E-01  0.71416E-01  0.86835E-01  0.92624E-01  0.18911E+00  0.30877E-01  0.23311E-01  0.15488E-01
     n            2    "NA"  "0"  0.41315E+00  0.98127E-06  0.77188E-01  0.71416E-01  0.86835E-01  0.92624E-01  0.18911E+00  0.30877E-01  0.23311E-01  0.15488E-01
     y            2    "EC_M3"  "0"  0.41315E+00  0.98127E-06  0.77188E-01  0.71416E-01  0.86835E-01  0.92624E-01  0.18911E+00  0.30877E-01  0.23311E-01  0.15488E-01
     y            2    "EC-m2"  "0"  0.41315E+00  0.98127E-06  0.77188E-01  0.71416E-01  0.86835E-01  0.92624E-01  0.18911E+00  0.30877E-01  0.23311E-01  0.15488E-01
     y            2    "EC_M3"  "0"  0.41315E+00  0.98127E-06  0.77188E-01  0.71416E-01  0.86835E-01  0.92624E-01  0.18911E+00  0.30877E-01  0.23311E-01  0.15488E-01
     n           31    "NA"  "0"  0.51057E+00  0.98127E-06  0.42555E-01  0.57895E-04  0.48082E-04  0.52007E-04  0.63874E-01  0.19625E-04  0.23398E+00  0.14885E+00
     y           14    "EC_I"  "0"  0.46294E+00  0.98127E-06  0.18544E-01  0.31456E+00  0.18548E-01  0.18552E-01  0.37107E-01  0.55520E-01  0.55668E-01  0.18559E-01
     y            2    "0"  "0"  0.41315E+00  0.98127E-06  0.77188E-01  0.71416E-01  0.86835E-01  0.92624E-01  0.18911E+00  0.30877E-01  0.23311E-01  0.15488E-01
     y            2    "0"  "0"  0.41315E+00  0.98127E-06  0.77188E-01  0.71416E-01  0.86835E-01  0.92624E-01  0.18911E+00  0.30877E-01  0.23311E-01  0.15488E-01
     y            2    "0"  "0"  0.41315E+00  0.98127E-06  0.77188E-01  0.71416E-01  0.86835E-01  0.92624E-01  0.18911E+00  0.30877E-01  0.23311E-01  0.15488E-01
     y           30    "EC_U1"  "EC_U1"  0.33856E+00  0.31348E-02  0.62696E-02  0.15674E-01  0.94044E-02  0.12539E-01  0.18809E-01  0.31348E-02  0.45455E+00  0.13793E+00
     y            2    "EC_M4"  "0"  0.41315E+00  0.98127E-06  0.77188E-01  0.71416E-01  0.86835E-01  0.92624E-01  0.18911E+00  0.30877E-01  0.23311E-01  0.15488E-01
     y            2    "EC_U1"  "0"  0.41315E+00  0.98127E-06  0.77188E-01  0.71416E-01  0.86835E-01  0.92624E-01  0.18911E+00  0.30877E-01  0.23311E-01  0.15488E-01
     y            2    "0"  "0"  0.41315E+00  0.98127E-06  0.77188E-01  0.71416E-01  0.86835E-01  0.92624E-01  0.18911E+00  0.30877E-01  0.23311E-01  0.15488E-01
     y            2    "EC-m2"  "0"  0.41315E+00  0.98127E-06  0.77188E-01  0.71416E-01  0.86835E-01  0.92624E-01  0.18911E+00  0.30877E-01  0.23311E-01  0.15488E-01
     y            2    "EC_M4"  "0"  0.41315E+00  0.98127E-06  0.77188E-01  0.71416E-01  0.86835E-01  0.92624E-01  0.18911E+00  0.30877E-01  0.23311E-01  0.15488E-01
     y            2    "0"  "0"  0.41315E+00  0.98127E-06  0.77188E-01  0.71416E-01  0.86835E-01  0.92624E-01  0.18911E+00  0.30877E-01  0.23311E-01  0.15488E-01
     y            2    "EC_M3"  "0"  0.41315E+00  0.98127E-06  0.77188E-01  0.71416E-01  0.86835E-01  0.92624E-01  0.18911E+00  0.30877E-01  0.23311E-01  0.15488E-01
     y            2    "0"  "0"  0.41315E+00  0.98127E-06  0.77188E-01  0.71416E-01  0.86835E-01  0.92624E-01  0.18911E+00  0.30877E-01  0.23311E-01  0.15488E-01
     y            2    "EC_M1"  "0"  0.41315E+00  0.98127E-06  0.77188E-01  0.71416E-01  0.86835E-01  0.92624E-01  0.18911E+00  0.30877E-01  0.23311E-01  0.15488E-01
     y            2    "EC_M4"  "0"  0.41315E+00  0.98127E-06  0.77188E-01  0.71416E-01  0.86835E-01  0.92624E-01  0.18911E+00  0.30877E-01  0.23311E-01  0.15488E-01
     y           30    "EC_M4"  "EC_U1"  0.33856E+00  0.31348E-02  0.62696E-02  0.15674E-01  0.94044E-02  0.12539E-01  0.18809E-01  0.31348E-02  0.45455E+00  0.13793E+00
     y            2    "EC_M1"  "0"  0.41315E+00  0.98127E-06  0.77188E-01  0.71416E-01  0.86835E-01  0.92624E-01  0.18911E+00  0.30877E-01  0.23311E-01  0.15488E-01
     y           30    "0"  "EC_U1"  0.33856E+00  0.31348E-02  0.62696E-02  0.15674E-01  0.94044E-02  0.12539E-01  0.18809E-01  0.31348E-02  0.45455E+00  0.13793E+00
     y           14    "0"  "0"  0.46294E+00  0.98127E-06  0.18544E-01  0.31456E+00  0.18548E-01  0.18552E-01  0.37107E-01  0.55520E-01  0.55668E-01  0.18559E-01
     y            2    "EC-m2"  "0"  0.41315E+00  0.98127E-06  0.77188E-01  0.71416E-01  0.86835E-01  0.92624E-01  0.18911E+00  0.30877E-01  0.23311E-01  0.15488E-01
     y            2    "0"  "0"  0.41315E+00  0.98127E-06  0.77188E-01  0.71416E-01  0.86835E-01  0.92624E-01  0.18911E+00  0.30877E-01  0.23311E-01  0.15488E-01
     y            2    "EC-m2"  "0"  0.41315E+00  0.98127E-06  0.77188E-01  0.71416E-01  0.86835E-01  0.92624E-01  0.18911E+00  0.30877E-01  0.23311E-01  0.15488E-01
     y            2    "EC_M4"  "0"  0.41315E+00  0.98127E-06  0.77188E-01  0.71416E-01  0.86835E-01  0.92624E-01  0.18911E+00  0.30877E-01  0.23311E-01  0.15488E-01
     y            2    "EC_M4"  "0"  0.41315E+00  0.98127E-06  0.77188E-01  0.71416E-01  0.86835E-01  0.92624E-01  0.18911E+00  0.30877E-01  0.23311E-01  0.15488E-01
     y            2    "EC_M1"  "0"  0.41315E+00  0.98127E-06  0.77188E-01  0.71416E-01  0.86835E-01  0.92624E-01  0.18911E+00  0.30877E-01  0.23311E-01  0.15488E-01
     y            2    "EC-m2"  "0"  0.41315E+00  0.98127E-06  0.77188E-01  0.71416E-01  0.86835E-01  0.92624E-01  0.18911E+00  0.30877E-01  0.23311E-01  0.15488E-01
     y            2    "0"  "0"  0.41315E+00  0.98127E-06  0.77188E-01  0.71416E-01  0.86835E-01  0.92624E-01  0.18911E+00  0.30877E-01  0.23311E-01  0.15488E-01
     y            2    "0"  "0"  0.41315E+00  0.98127E-06  0.77188E-01  0.71416E-01  0.86835E-01  0.92624E-01  0.18911E+00  0.30877E-01  0.23311E-01  0.15488E-01
     y            2    "0"  "0"  0.41315E+00  0.98127E-06  0.77188E-01  0.71416E-01  0.86835E-01  0.92624E-01  0.18911E+00  0.30877E-01  0.23311E-01  0.15488E-01
     y            2    "EC_M1"  "0"  0.41315E+00  0.98127E-06  0.77188E-01  0.71416E-01  0.86835E-01  0.92624E-01  0.18911E+00  0.30877E-01  0.23311E-01  0.15488E-01
     y            2    "0"  "0"  0.41315E+00  0.98127E-06  0.77188E-01  0.71416E-01  0.86835E-01  0.92624E-01  0.18911E+00  0.30877E-01  0.23311E-01  0.15488E-01
     n            2    "NA"  "0"  0.41315E+00  0.98127E-06  0.77188E-01  0.71416E-01  0.86835E-01  0.92624E-01  0.18911E+00  0.30877E-01  0.23311E-01  0.15488E-01
     y           14    "EC_U1"  "0"  0.46294E+00  0.98127E-06  0.18544E-01  0.31456E+00  0.18548E-01  0.18552E-01  0.37107E-01  0.55520E-01  0.55668E-01  0.18559E-01
     n           14    "NA"  "0"  0.46294E+00  0.98127E-06  0.18544E-01  0.31456E+00  0.18548E-01  0.18552E-01  0.37107E-01  0.55520E-01  0.55668E-01  0.18559E-01
     y            2    "EC_M4"  "0"  0.41315E+00  0.98127E-06  0.77188E-01  0.71416E-01  0.86835E-01  0.92624E-01  0.18911E+00  0.30877E-01  0.23311E-01  0.15488E-01
     y            2    "EC_M3"  "0"  0.41315E+00  0.98127E-06  0.77188E-01  0.71416E-01  0.86835E-01  0.92624E-01  0.18911E+00  0.30877E-01  0.23311E-01  0.15488E-01
     y            2    "0"  "0"  0.41315E+00  0.98127E-06  0.77188E-01  0.71416E-01  0.86835E-01  0.92624E-01  0.18911E+00  0.30877E-01  0.23311E-01  0.15488E-01
     y           30    "EC_U2"  "EC_U1"  0.33856E+00  0.31348E-02  0.62696E-02  0.15674E-01  0.94044E-02  0.12539E-01  0.18809E-01  0.31348E-02  0.45455E+00  0.13793E+00
     y           30    "0"  "EC_U1"  0.33856E+00  0.31348E-02  0.62696E-02  0.15674E-01  0.94044E-02  0.12539E-01  0.18809E-01  0.31348E-02  0.45455E+00  0.13793E+00
     y           30    "0"  "EC_U1"  0.33856E+00  0.31348E-02  0.62696E-02  0.15674E-01  0.94044E-02  0.12539E-01  0.18809E-01  0.31348E-02  0.45455E+00  0.13793E+00
     y           30    "EC_U1"  "EC_U1"  0.33856E+00  0.31348E-02  0.62696E-02  0.15674E-01  0.94044E-02  0.12539E-01  0.18809E-01  0.31348E-02  0.45455E+00  0.13793E+00
     y           30    "EC_U1"  "EC_U1"  0.33856E+00  0.31348E-02  0.62696E-02  0.15674E-01  0.94044E-02  0.12539E-01  0.18809E-01  0.31348E-02  0.45455E+00  0.13793E+00
     n            2    "NA"  "0"  0.41315E+00  0.98127E-06  0.77188E-01  0.71416E-01  0.86835E-01  0.92624E-01  0.18911E+00  0.30877E-01  0.23311E-01  0.15488E-01
     y            2    "EC_M3"  "0"  0.41315E+00  0.98127E-06  0.77188E-01  0.71416E-01  0.86835E-01  0.92624E-01  0.18911E+00  0.30877E-01  0.23311E-01  0.15488E-01
     y            2    "0"  "0"  0.41315E+00  0.98127E-06  0.77188E-01  0.71416E-01  0.86835E-01  0.92624E-01  0.18911E+00  0.30877E-01  0.23311E-01  0.15488E-01
     y            2    "0"  "0"  0.41315E+00  0.98127E-06  0.77188E-01  0.71416E-01  0.86835E-01  0.92624E-01  0.18911E+00  0.30877E-01  0.23311E-01  0.15488E-01
     y           30    "EC_U1"  "EC_U1"  0.33856E+00  0.31348E-02  0.62696E-02  0.15674E-01  0.94044E-02  0.12539E-01  0.18809E-01  0.31348E-02  0.45455E+00  0.13793E+00
     y            2    "0"  "0"  0.41315E+00  0.98127E-06  0.77188E-01  0.71416E-01  0.86835E-01  0.92624E-01  0.18911E+00  0.30877E-01  0.23311E-01  0.15488E-01
     y           14    "EC_I"  "0"  0.46294E+00  0.98127E-06  0.18544E-01  0.31456E+00  0.18548E-01  0.18552E-01  0.37107E-01  0.55520E-01  0.55668E-01  0.18559E-01
     y            2    "EC_U2"  "0"  0.41315E+00  0.98127E-06  0.77188E-01  0.71416E-01  0.86835E-01  0.92624E-01  0.18911E+00  0.30877E-01  0.23311E-01  0.15488E-01
     n            2    "NA"  "0"  0.41315E+00  0.98127E-06  0.77188E-01  0.71416E-01  0.86835E-01  0.92624E-01  0.18911E+00  0.30877E-01  0.23311E-01  0.15488E-01
     y            2    "0"  "0"  0.41315E+00  0.98127E-06  0.77188E-01  0.71416E-01  0.86835E-01  0.92624E-01  0.18911E+00  0.30877E-01  0.23311E-01  0.15488E-01
     y            2    "0"  "0"  0.41315E+00  0.98127E-06  0.77188E-01  0.71416E-01  0.86835E-01  0.92624E-01  0.18911E+00  0.30877E-01  0.23311E-01  0.15488E-01
     y            2    "0"  "0"  0.41315E+00  0.98127E-06  0.77188E-01  0.71416E-01  0.86835E-01  0.92624E-01  0.18911E+00  0.30877E-01  0.23311E-01  0.15488E-01
     y           30    "EC_U1"  "EC_U1"  0.33856E+00  0.31348E-02  0.62696E-02  0.15674E-01  0.94044E-02  0.12539E-01  0.18809E-01  0.31348E-02  0.45455E+00  0.13793E+00
     y            2    "0"  "0"  0.41315E+00  0.98127E-06  0.77188E-01  0.71416E-01  0.86835E-01  0.92624E-01  0.18911E+00  0.30877E-01  0.23311E-01  0.15488E-01
     y            2    "EC_M4"  "0"  0.41315E+00  0.98127E-06  0.77188E-01  0.71416E-01  0.86835E-01  0.92624E-01  0.18911E+00  0.30877E-01  0.23311E-01  0.15488E-01
     y            2    "0"  "0"  0.41315E+00  0.98127E-06  0.77188E-01  0.71416E-01  0.86835E-01  0.92624E-01  0.18911E+00  0.30877E-01  0.23311E-01  0.15488E-01
     y           14    "EC_I"  "0"  0.46294E+00  0.98127E-06  0.18544E-01  0.31456E+00  0.18548E-01  0.18552E-01  0.37107E-01  0.55520E-01  0.55668E-01  0.18559E-01
     y            2    "EC_M3"  "0"  0.41315E+00  0.98127E-06  0.77188E-01  0.71416E-01  0.86835E-01  0.92624E-01  0.18911E+00  0.30877E-01  0.23311E-01  0.15488E-01
     y            2    "EC_U1"  "0"  0.41315E+00  0.98127E-06  0.77188E-01  0.71416E-01  0.86835E-01  0.92624E-01  0.18911E+00  0.30877E-01  0.23311E-01  0.15488E-01
     y           31    "EC_U1"  "0"  0.51057E+00  0.98127E-06  0.42555E-01  0.57895E-04  0.48082E-04  0.52007E-04  0.63874E-01  0.19625E-04  0.23398E+00  0.14885E+00
     y            2    "0"  "0"  0.41315E+00  0.98127E-06  0.77188E-01  0.71416E-01  0.86835E-01  0.92624E-01  0.18911E+00  0.30877E-01  0.23311E-01  0.15488E-01
     y            2    "0"  "0"  0.41315E+00  0.98127E-06  0.77188E-01  0.71416E-01  0.86835E-01  0.92624E-01  0.18911E+00  0.30877E-01  0.23311E-01  0.15488E-01
     y            2    "EC_M3"  "0"  0.41315E+00  0.98127E-06  0.77188E-01  0.71416E-01  0.86835E-01  0.92624E-01  0.18911E+00  0.30877E-01  0.23311E-01  0.15488E-01
     y            2    "0"  "0"  0.41315E+00  0.98127E-06  0.77188E-01  0.71416E-01  0.86835E-01  0.92624E-01  0.18911E+00  0.30877E-01  0.23311E-01  0.15488E-01
     y            2    "EC_M4"  "0"  0.41315E+00  0.98127E-06  0.77188E-01  0.71416E-01  0.86835E-01  0.92624E-01  0.18911E+00  0.30877E-01  0.23311E-01  0.15488E-01
     y           30    "EC_U2"  "EC_U1"  0.33856E+00  0.31348E-02  0.62696E-02  0.15674E-01  0.94044E-02  0.12539E-01  0.18809E-01  0.31348E-02  0.45455E+00  0.13793E+00
     y            2    "EC_M4"  "0"  0.41315E+00  0.98127E-06  0.77188E-01  0.71416E-01  0.86835E-01  0.92624E-01  0.18911E+00  0.30877E-01  0.23311E-01  0.15488E-01
     y            2    "EC_O"  "0"  0.41315E+00  0.98127E-06  0.77188E-01  0.71416E-01  0.86835E-01  0.92624E-01  0.18911E+00  0.30877E-01  0.23311E-01  0.15488E-01
     y            2    "EC_U1"  "0"  0.41315E+00  0.98127E-06  0.77188E-01  0.71416E-01  0.86835E-01  0.92624E-01  0.18911E+00  0.30877E-01  0.23311E-01  0.15488E-01
     y            2    "EC_O"  "0"  0.41315E+00  0.98127E-06  0.77188E-01  0.71416E-01  0.86835E-01  0.92624E-01  0.18911E+00  0.30877E-01  0.23311E-01  0.15488E-01
     y            2    "0"  "0"  0.41315E+00  0.98127E-06  0.77188E-01  0.71416E-01  0.86835E-01  0.92624E-01  0.18911E+00  0.30877E-01  0.23311E-01  0.15488E-01
     y            2    "EC_O"  "0"  0.41315E+00  0.98127E-06  0.77188E-01  0.71416E-01  0.86835E-01  0.92624E-01  0.18911E+00  0.30877E-01  0.23311E-01  0.15488E-01
     y            2    "EC_M1"  "0"  0.41315E+00  0.98127E-06  0.77188E-01  0.71416E-01  0.86835E-01  0.92624E-01  0.18911E+00  0.30877E-01  0.23311E-01  0.15488E-01
     n            2    "NA"  "0"  0.41315E+00  0.98127E-06  0.77188E-01  0.71416E-01  0.86835E-01  0.92624E-01  0.18911E+00  0.30877E-01  0.23311E-01  0.15488E-01
     y            2    "0"  "0"  0.41315E+00  0.98127E-06  0.77188E-01  0.71416E-01  0.86835E-01  0.92624E-01  0.18911E+00  0.30877E-01  0.23311E-01  0.15488E-01
     y            2    "EC_M1"  "0"  0.41315E+00  0.98127E-06  0.77188E-01  0.71416E-01  0.86835E-01  0.92624E-01  0.18911E+00  0.30877E-01  0.23311E-01  0.15488E-01
     y            2    "EC_M1"  "0"  0.41315E+00  0.98127E-06  0.77188E-01  0.71416E-01  0.86835E-01  0.92624E-01  0.18911E+00  0.30877E-01  0.23311E-01  0.15488E-01
     y           30    "EC_U2"  "EC_U1"  0.33856E+00  0.31348E-02  0.62696E-02  0.15674E-01  0.94044E-02  0.12539E-01  0.18809E-01  0.31348E-02  0.45455E+00  0.13793E+00
     y            2    "EC-m2"  "0"  0.41315E+00  0.98127E-06  0.77188E-01  0.71416E-01  0.86835E-01  0.92624E-01  0.18911E+00  0.30877E-01  0.23311E-01  0.15488E-01
     y            2    "EC_M4"  "0"  0.41315E+00  0.98127E-06  0.77188E-01  0.71416E-01  0.86835E-01  0.92624E-01  0.18911E+00  0.30877E-01  0.23311E-01  0.15488E-01
     y            2    "0"  "0"  0.41315E+00  0.98127E-06  0.77188E-01  0.71416E-01  0.86835E-01  0.92624E-01  0.18911E+00  0.30877E-01  0.23311E-01  0.15488E-01
     y            2    "EC_M4"  "0"  0.41315E+00  0.98127E-06  0.77188E-01  0.71416E-01  0.86835E-01  0.92624E-01  0.18911E+00  0.30877E-01  0.23311E-01  0.15488E-01
     y           30    "EC_U1"  "EC_U1"  0.33856E+00  0.31348E-02  0.62696E-02  0.15674E-01  0.94044E-02  0.12539E-01  0.18809E-01  0.31348E-02  0.45455E+00  0.13793E+00
     y           30    "0"  "EC_U1"  0.33856E+00  0.31348E-02  0.62696E-02  0.15674E-01  0.94044E-02  0.12539E-01  0.18809E-01  0.31348E-02  0.45455E+00  0.13793E+00
     y            2    "EC_O"  "0"  0.41315E+00  0.98127E-06  0.77188E-01  0.71416E-01  0.86835E-01  0.92624E-01  0.18911E+00  0.30877E-01  0.23311E-01  0.15488E-01
     y           14    "EC_M3"  "0"  0.46294E+00  0.98127E-06  0.18544E-01  0.31456E+00  0.18548E-01  0.18552E-01  0.37107E-01  0.55520E-01  0.55668E-01  0.18559E-01
     y            2    "EC_U1"  "0"  0.41315E+00  0.98127E-06  0.77188E-01  0.71416E-01  0.86835E-01  0.92624E-01  0.18911E+00  0.30877E-01  0.23311E-01  0.15488E-01
     y            2    "EC_U1"  "0"  0.41315E+00  0.98127E-06  0.77188E-01  0.71416E-01  0.86835E-01  0.92624E-01  0.18911E+00  0.30877E-01  0.23311E-01  0.15488E-01
     y           30    "0"  "EC_U1"  0.33856E+00  0.31348E-02  0.62696E-02  0.15674E-01  0.94044E-02  0.12539E-01  0.18809E-01  0.31348E-02  0.45455E+00  0.13793E+00
     y           30    "0"  "EC_U1"  0.33856E+00  0.31348E-02  0.62696E-02  0.15674E-01  0.94044E-02  0.12539E-01  0.18809E-01  0.31348E-02  0.45455E+00  0.13793E+00
     y            2    "0"  "0"  0.41315E+00  0.98127E-06  0.77188E-01  0.71416E-01  0.86835E-01  0.92624E-01  0.18911E+00  0.30877E-01  0.23311E-01  0.15488E-01
     y            2    "0"  "0"  0.41315E+00  0.98127E-06  0.77188E-01  0.71416E-01  0.86835E-01  0.92624E-01  0.18911E+00  0.30877E-01  0.23311E-01  0.15488E-01
     y            2    "0"  "0"  0.41315E+00  0.98127E-06  0.77188E-01  0.71416E-01  0.86835E-01  0.92624E-01  0.18911E+00  0.30877E-01  0.23311E-01  0.15488E-01
     n            2    "NA"  "0"  0.41315E+00  0.98127E-06  0.77188E-01  0.71416E-01  0.86835E-01  0.92624E-01  0.18911E+00  0.30877E-01  0.23311E-01  0.15488E-01
     y            2    "EC_O"  "0"  0.41315E+00  0.98127E-06  0.77188E-01  0.71416E-01  0.86835E-01  0.92624E-01  0.18911E+00  0.30877E-01  0.23311E-01  0.15488E-01
     y            2    "EC_O"  "0"  0.41315E+00  0.98127E-06  0.77188E-01  0.71416E-01  0.86835E-01  0.92624E-01  0.18911E+00  0.30877E-01  0.23311E-01  0.15488E-01
     y            2    "0"  "0"  0.41315E+00  0.98127E-06  0.77188E-01  0.71416E-01  0.86835E-01  0.92624E-01  0.18911E+00  0.30877E-01  0.23311E-01  0.15488E-01
     y            2    "0"  "0"  0.41315E+00  0.98127E-06  0.77188E-01  0.71416E-01  0.86835E-01  0.92624E-01  0.18911E+00  0.30877E-01  0.23311E-01  0.15488E-01
     y           30    "EC_U2"  "EC_U1"  0.33856E+00  0.31348E-02  0.62696E-02  0.15674E-01  0.94044E-02  0.12539E-01  0.18809E-01  0.31348E-02  0.45455E+00  0.13793E+00
     y           30    "EC_U1"  "EC_U1"  0.33856E+00  0.31348E-02  0.62696E-02  0.15674E-01  0.94044E-02  0.12539E-01  0.18809E-01  0.31348E-02  0.45455E+00  0.13793E+00
     y            2    "0"  "0"  0.41315E+00  0.98127E-06  0.77188E-01  0.71416E-01  0.86835E-01  0.92624E-01  0.18911E+00  0.30877E-01  0.23311E-01  0.15488E-01
     y            2    "EC_M4"  "0"  0.41315E+00  0.98127E-06  0.77188E-01  0.71416E-01  0.86835E-01  0.92624E-01  0.18911E+00  0.30877E-01  0.23311E-01  0.15488E-01
     y            2    "EC_M3"  "0"  0.41315E+00  0.98127E-06  0.77188E-01  0.71416E-01  0.86835E-01  0.92624E-01  0.18911E+00  0.30877E-01  0.23311E-01  0.15488E-01
     y            2    "0"  "0"  0.41315E+00  0.98127E-06  0.77188E-01  0.71416E-01  0.86835E-01  0.92624E-01  0.18911E+00  0.30877E-01  0.23311E-01  0.15488E-01
     y            2    "EC-m2"  "0"  0.41315E+00  0.98127E-06  0.77188E-01  0.71416E-01  0.86835E-01  0.92624E-01  0.18911E+00  0.30877E-01  0.23311E-01  0.15488E-01
     n            2    "NA"  "0"  0.41315E+00  0.98127E-06  0.77188E-01  0.71416E-01  0.86835E-01  0.92624E-01  0.18911E+00  0.30877E-01  0.23311E-01  0.15488E-01
     y           31    "0"  "0"  0.51057E+00  0.98127E-06  0.42555E-01  0.57895E-04  0.48082E-04  0.52007E-04  0.63874E-01  0.19625E-04  0.23398E+00  0.14885E+00
     y            6    "0"  "0"  0.99944E+00  0.98127E-06  0.44157E-04  0.57895E-04  0.48082E-04  0.52007E-04  0.10696E-03  0.19625E-04  0.16780E-03  0.58876E-04
     y            2    "EC_M3"  "0"  0.41315E+00  0.98127E-06  0.77188E-01  0.71416E-01  0.86835E-01  0.92624E-01  0.18911E+00  0.30877E-01  0.23311E-01  0.15488E-01
     n            2    "NA"  "0"  0.41315E+00  0.98127E-06  0.77188E-01  0.71416E-01  0.86835E-01  0.92624E-01  0.18911E+00  0.30877E-01  0.23311E-01  0.15488E-01
     y           30    "EC_U1"  "EC_U1"  0.33856E+00  0.31348E-02  0.62696E-02  0.15674E-01  0.94044E-02  0.12539E-01  0.18809E-01  0.31348E-02  0.45455E+00  0.13793E+00
     y            2    "EC_M4"  "0"  0.41315E+00  0.98127E-06  0.77188E-01  0.71416E-01  0.86835E-01  0.92624E-01  0.18911E+00  0.30877E-01  0.23311E-01  0.15488E-01
     y            2    "EC_M1"  "0"  0.41315E+00  0.98127E-06  0.77188E-01  0.71416E-01  0.86835E-01  0.92624E-01  0.18911E+00  0.30877E-01  0.23311E-01  0.15488E-01
     n            2    "NA"  "0"  0.41315E+00  0.98127E-06  0.77188E-01  0.71416E-01  0.86835E-01  0.92624E-01  0.18911E+00  0.30877E-01  0.23311E-01  0.15488E-01
     n            2    "NA"  "0"  0.41315E+00  0.98127E-06  0.77188E-01  0.71416E-01  0.86835E-01  0.92624E-01  0.18911E+00  0.30877E-01  0.23311E-01  0.15488E-01
     y            2    "EC_M4"  "0"  0.41315E+00  0.98127E-06  0.77188E-01  0.71416E-01  0.86835E-01  0.92624E-01  0.18911E+00  0.30877E-01  0.23311E-01  0.15488E-01
     y            2    "EC_M1"  "0"  0.41315E+00  0.98127E-06  0.77188E-01  0.71416E-01  0.86835E-01  0.92624E-01  0.18911E+00  0.30877E-01  0.23311E-01  0.15488E-01
     y           30    "EC_U1"  "EC_U1"  0.33856E+00  0.31348E-02  0.62696E-02  0.15674E-01  0.94044E-02  0.12539E-01  0.18809E-01  0.31348E-02  0.45455E+00  0.13793E+00
     y           30    "EC_U2"  "EC_U1"  0.33856E+00  0.31348E-02  0.62696E-02  0.15674E-01  0.94044E-02  0.12539E-01  0.18809E-01  0.31348E-02  0.45455E+00  0.13793E+00
     y           30    "2258"  "EC_U1"  0.33856E+00  0.31348E-02  0.62696E-02  0.15674E-01  0.94044E-02  0.12539E-01  0.18809E-01  0.31348E-02  0.45455E+00  0.13793E+00
